-- phpMyAdmin SQL Dump
-- version 
-- http://www.phpmyadmin.net
--
-- Хост: glzn.mysql
-- Время создания: Янв 12 2016 г., 18:05
-- Версия сервера: 5.6.25-73.1
-- Версия PHP: 5.6.6

SET SQL_MODE = "NO_AUTO_VALUE_ON_ZERO";
SET time_zone = "+00:00";


/*!40101 SET @OLD_CHARACTER_SET_CLIENT=@@CHARACTER_SET_CLIENT */;
/*!40101 SET @OLD_CHARACTER_SET_RESULTS=@@CHARACTER_SET_RESULTS */;
/*!40101 SET @OLD_COLLATION_CONNECTION=@@COLLATION_CONNECTION */;
/*!40101 SET NAMES utf8 */;

--
-- База данных: `glzn_db`
--

-- --------------------------------------------------------

--
-- Структура таблицы `callback`
--
-- Создание: Ноя 18 2015 г., 10:05
-- Последнее обновление: Янв 12 2016 г., 11:44
--

DROP TABLE IF EXISTS `callback`;
CREATE TABLE IF NOT EXISTS `callback` (
  `id` int(11) NOT NULL,
  `name` varchar(255) NOT NULL,
  `phone` varchar(255) NOT NULL,
  `email` varchar(100) NOT NULL,
  `date` datetime NOT NULL,
  `formname` varchar(255) NOT NULL
) ENGINE=MyISAM AUTO_INCREMENT=360 DEFAULT CHARSET=utf8;

--
-- Дамп данных таблицы `callback`
--

INSERT INTO `callback` (`id`, `name`, `phone`, `email`, `date`, `formname`) VALUES
(1, 'test1', '123213123123', 'cxvcx@fg.jh', '2015-11-18 13:21:00', 'Записаться в шоурум'),
(2, 'Alexander Suyazov 1', '79151103026', 'soujazov.a@gmail.com', '2015-11-18 13:23:24', 'Записаться в шоурум'),
(3, 'Alexander 2', '79151103026', 'soujazov.a@gmail.com', '2015-11-18 13:23:35', 'Заказать индивидуальный пошив'),
(4, 'Alexander Suyazov 3', '79151103026', 'soujazov.a@gmail.com', '2015-11-18 13:23:50', 'Записаться в шоурум'),
(5, 'Надежда', '89164442092', 'Ko4ckaeva@yandex.ru', '2015-11-18 15:40:11', 'Записаться в шоурум'),
(6, 'Марина', '8-916-441-83-94', 'kukinam@mail.ru', '2015-11-18 15:43:36', 'Записаться в шоурум'),
(7, 'Екатерина', '79057884011', 'heikeika@gmail.com', '2015-11-18 16:18:55', 'Записаться в шоурум'),
(8, 'Наталья', '7 (903) 183-56-84', 'abc_nat@mail.ru', '2015-11-19 00:13:16', '| Запись на примерку в шоурум'),
(9, 'test', '79151103026', 'alexander.suyazov@gmail.com', '2015-11-19 00:38:49', 'Записаться в шоурум'),
(10, 'Alexander Suyazov', '79151103026', 'soujazov.a@gmail.com', '2015-11-19 00:38:56', 'Заказать индивидуальный пошив'),
(11, 'Alexander Suyazov', '79151103026', 'soujazov.a@gmail.com', '2015-11-19 00:38:56', 'Заказать индивидуальный пошив'),
(12, 'Alexander Suyazov', '79151103026', 'soujazov.a@gmail.com', '2015-11-19 00:39:14', 'Записаться в шоурум'),
(13, 'Alexander Suyazov', '79151103026', 'soujazov.a@gmail.com', '2015-11-19 00:49:25', 'Заказать индивидуальный пошив'),
(14, 'Alexander Suyazov', '79151103026', 'alexander.suyazov@gmail.com', '2015-11-19 00:55:48', 'Заказать индивидуальный пошив'),
(15, 'Alexander Suyazov', '1231231231', 'test@test.com', '2015-11-19 00:57:08', 'Записаться в шоурум'),
(16, 'Alexander Suyazov', '1231231231', 'test@test.com', '2015-11-19 00:57:08', 'Записаться в шоурум'),
(17, 'Alexander Suyazov', '79151103026', 'soujazov.a@gmail.com', '2015-11-19 00:57:27', 'Записаться в шоурум'),
(18, '', '', '', '2015-11-19 08:40:39', ''),
(19, 'Ирина', '79684838397', 'irinae_07@mail.ru', '2015-11-19 08:40:39', 'Записаться в шоурум'),
(20, 'Надежда', '89067744059', 'FARAFONTOVA@INBOX.RU', '2015-11-19 11:09:04', 'Записаться в шоурум'),
(21, 'тест', '8990', 'hh@gg.ru', '2015-11-19 11:42:37', 'Записаться в шоурум'),
(22, 'Ирина', '79269071111', 'I.averianova@yandex.ru', '2015-11-19 19:41:31', 'Записаться в шоурум'),
(23, 'Екатерина', '9645000015', 'Ekaterina.ave@gmail.com', '2015-11-19 22:09:53', '| Запись на примерку в шоурум'),
(24, 'Мария', '8(903)550-89-26', 'Mia3105@mail.ru', '2015-11-20 08:38:04', 'Записаться в шоурум'),
(25, 'Ольга', '89854348699', 'bagrii-olga@mail.ru', '2015-11-20 13:53:29', 'Записаться в шоурум'),
(26, 'Ксения', '89160284395', 'Kpusha@rambler.ru', '2015-11-20 19:14:39', 'Записаться в шоурум'),
(27, 'Регина', '447496501777', 'Rarsentyeva@gmail.com', '2015-11-20 19:41:48', 'Записаться в шоурум'),
(28, 'Евгения', '79060755449', 'Panarinajane@yandex.ru', '2015-11-20 22:40:30', 'Записаться в шоурум'),
(29, 'Юля', '89031670869', 'Afonina85@ya.ru', '2015-11-21 01:19:04', 'Записаться в шоурум'),
(30, 'Анна', '9100831039', 'atoropova@yandex.ru', '2015-11-21 12:44:26', 'Записаться в шоурум'),
(31, 'Виктория', '89651777131', 'Evlikova@mail.ru', '2015-11-21 13:20:45', 'Записаться в шоурум'),
(32, 'Гульфия', '89163844328', 'kurm.diz@gmail.com', '2015-11-21 13:55:30', 'Записаться в шоурум'),
(33, 'ОЛьга', '8-926-1409838', 'makdolya@gmail.com', '2015-11-21 14:31:47', 'Записаться в шоурум'),
(34, 'Диана', '79857647314', 'Dia1@yandex.ru', '2015-11-21 15:39:56', 'Записаться в шоурум'),
(35, 'Алиса', '89150279762', 'Ivf.russia@yandex.ru', '2015-11-21 19:01:49', 'Записаться в шоурум'),
(36, 'Ольга Мороз', '89263293388', 'olgamoroz@mail.ru', '2015-11-21 20:10:42', 'Записаться в шоурум'),
(37, 'Екатерина', '89265661599', 'Katsgon@mail.ru', '2015-11-22 09:13:10', 'Записаться в шоурум'),
(38, 'Татьяна', '89265452112', 'Bezgliadnova@mail.ru', '2015-11-22 11:48:37', 'Записаться в шоурум'),
(39, 'Надежда', '89251280568', 'na.chernobrovkina@gmail.com', '2015-11-22 15:36:00', 'Записаться в шоурум'),
(40, 'Алена', '79651585555', '1585555@mail.ru', '2015-11-22 20:21:26', 'Заказать индивидуальный пошив'),
(41, 'Татьяна', '89261466609', 'Tvteplova@mail.ru', '2015-11-22 23:27:38', 'Записаться в шоурум'),
(42, 'Ульяна', '79169099757', 'ulianazyabkina@gmail.com', '2015-11-23 03:09:26', 'Записаться в шоурум'),
(43, 'Мария', '89031109988', 'mariya_kaluckaya@mail.ru', '2015-11-23 12:38:29', 'Заказать индивидуальный пошив'),
(44, 'Инна', '89852108611', 'ISShashkina@gmail.com', '2015-11-23 15:38:15', 'Записаться в шоурум'),
(45, 'Анна', '89637638421', 'anna361@yandex.ru', '2015-11-23 17:41:10', 'Записаться в шоурум'),
(46, 'Анастасия', '89152229365', 'Zaru4ka@gmail.com', '2015-11-24 08:56:11', 'Записаться в шоурум'),
(47, 'Анастасия', '79161590959', 'anastasiasukhova@inbox.ru', '2015-11-24 14:27:34', 'Записаться в шоурум'),
(48, 'Елена', '89652708808', 'lbeasty@gmail.com', '2015-11-24 18:13:36', 'Записаться в шоурум'),
(49, 'Диана', '89197222254', 'evgeuk_diana@mail.ru', '2015-11-24 23:50:01', 'Записаться в шоурум'),
(50, 'Марина', '89162600028', 'Marina_lol@mail.ru', '2015-11-25 12:14:38', 'Записаться в шоурум'),
(51, 'Анна', '79265274126', 'anna-805@yandex.ru', '2015-11-25 15:28:57', 'Записаться в шоурум'),
(52, 'Анастасия', '89857697838', '7697838@gmail.com', '2015-11-25 15:34:12', 'Записаться в шоурум'),
(53, 'Светлана', '89055057347', 'Svetlana.akulova2@gmail.com', '2015-11-25 23:15:51', 'Записаться в шоурум'),
(54, 'Бакирова Лилия', '79818277190', 'lilu99@mail.ru', '2015-11-25 23:29:24', 'Записаться в шоурум'),
(55, 'Евгения', '89039619606', 'legend-75@mail.ru', '2015-11-26 10:54:46', 'Записаться в шоурум'),
(56, 'Ольга', '8 916 371 14 24', 'o.volchenskova@gmail.com', '2015-11-26 12:25:53', 'Записаться в шоурум'),
(57, 'Марина', '89684121808', 'Marite180@gmail.com', '2015-11-26 14:08:58', 'Записаться в шоурум'),
(58, 'Мария', '89166514015', 'Maria.kolokoltseva@gmail.com', '2015-11-26 20:39:38', 'Записаться в шоурум'),
(59, 'Татьяна', '89151808626', 'Pihta-@mail.ru', '2015-11-26 21:09:01', 'Записаться в шоурум'),
(60, 'Ксения', '79859115974', 'ru.85@mail.ru', '2015-11-26 23:02:19', 'Записаться в шоурум'),
(61, 'Ольга', '79175792333', 'Drozdova.o@bk.ru', '2015-11-26 23:37:53', 'Записаться в шоурум'),
(62, 'Анастасия', '89165553250', 'stasyavv@gmail.com', '2015-11-27 11:29:13', 'Записаться в шоурум'),
(63, 'Юлия', '89035479479', 'gyg1710@gmail.com', '2015-11-27 11:50:36', '| Запись на примерку в шоурум'),
(64, 'Елена', '79165924727', 'elena_bezborodova@list.ru', '2015-11-27 15:40:30', 'Записаться в шоурум'),
(65, 'Надежда', '9165626548', 'fnv1981@mail.ru', '2015-11-27 18:38:15', 'Заказать индивидуальный пошив'),
(66, 'Елена', '79653013044', 'yelenagorbunkova@mail.ru', '2015-11-27 18:41:47', 'Записаться в шоурум'),
(67, 'Далия', '89096644637', 'Daliya227@yahoo.com', '2015-11-27 23:45:49', 'Записаться в шоурум'),
(68, 'Александра', '89268879693', 'Sashabing@mail.ru', '2015-11-28 09:45:26', 'Записаться в шоурум'),
(69, 'Екатерина', '89197701904', 'novoselova.irk@gmail.com', '2015-11-28 10:39:36', 'Записаться в шоурум'),
(70, 'Анна', '89153200947', 'aberline@mail.ru', '2015-11-28 12:44:37', 'Записаться в шоурум'),
(71, 'Кристина', '8-926-826-39-52', 'Kristin.petrenko@mail.ru', '2015-11-28 17:12:02', 'Записаться в шоурум'),
(72, 'Наталья', '89175410979', 'Natasha@tsaryov.ru', '2015-11-28 17:35:03', 'Записаться в шоурум'),
(73, 'Яна', '7(965)381-81-69', 'i.a.n.i.k@mail.ru', '2015-11-28 17:40:35', 'Записаться в шоурум'),
(74, 'Надежда', '89251280568', 'na.chernobrovkina@gmail.com', '2015-11-29 11:07:01', 'Записаться в шоурум'),
(75, 'Ангелина', '89169869182', 'angelina.sblv@gmail.com', '2015-11-29 11:10:36', 'Записаться в шоурум'),
(76, 'Ирина', '89104755970', 'irina_daraban@hotmail.com', '2015-11-29 17:18:50', 'Записаться в шоурум'),
(77, 'Едена', '89104259671', 'Elena_sevost@mail.ru', '2015-11-30 01:43:10', 'Записаться в шоурум'),
(78, 'Маргарита', '89687661726', 'm.i.repina@mail.ru', '2015-11-30 11:54:18', 'Записаться в шоурум'),
(79, 'Ольга', '89250930702', 'Lukol777@mail.ru', '2015-11-30 15:24:35', 'Записаться в шоурум'),
(80, 'Екатерина', '89164911011', 'kate-home-st@yandex.ru', '2015-11-30 18:04:09', 'Записаться в шоурум'),
(81, 'Екатерина', '8-929-512-9564', 'ekaterina_pavlich@mail.ru', '2015-11-30 22:00:33', 'Записаться в шоурум'),
(82, 'Наталья', '79151197751', 'Natalia.novozhilova@gmail.com', '2015-12-01 10:03:42', 'Записаться в шоурум'),
(83, 'Лариса', '89265302780', 'Zayka-lars@yandex.ru', '2015-12-01 10:32:11', 'Записаться в шоурум'),
(84, 'Katerina', '79037380043', 'kat@euroshow-msk.ru', '2015-12-01 11:01:01', 'Записаться в шоурум'),
(85, 'Инна', '8-916-855-69-37', 'igaliakhmetova@yandex.ru', '2015-12-01 12:03:33', 'Записаться в шоурум'),
(86, '', '', '', '2015-12-01 13:15:07', ''),
(87, 'Ирина', '79684838397', 'irinae_07@mail.ru', '2015-12-01 13:15:07', 'Записаться в шоурум'),
(88, 'наталья', '916-1008277', 'myhumps84@gmail.com', '2015-12-01 13:40:37', 'Записаться в шоурум'),
(89, 'Валентина', '89652698847', '698847@mail.ru', '2015-12-01 13:55:02', 'Записаться в шоурум'),
(90, 'Ванда', '89096553641', 'gerzova.vanda@gmail.com', '2015-12-01 15:55:14', 'Записаться в шоурум'),
(91, 'яна', '89166442360', 'ystoyanova@nccrussia.com', '2015-12-01 17:08:15', 'Записаться в шоурум'),
(92, 'Елена', '89647722299', 'vasanta.spring@mail.ru', '2015-12-01 18:02:18', 'Записаться в шоурум'),
(93, 'Татьяна', '89166275054', 'tanzh79@mail.ru', '2015-12-01 22:44:58', 'Записаться в шоурум'),
(94, 'Оксага', '9035266926', 'Ksu2137618@mail.ru', '2015-12-02 12:17:23', 'Записаться в шоурум'),
(95, 'Анна', '8-920-607-0777', 'annasolodovnikova@gmail.com', '2015-12-02 14:07:34', 'Записаться в шоурум'),
(96, 'Алена', '79651585555', '1585555@mail.ru', '2015-12-02 14:36:17', 'Записаться в шоурум'),
(97, 'Светлана', '79163958303', 'sfedot@gmail.com', '2015-12-02 15:58:23', 'Записаться в шоурум'),
(98, 'Анна', '9039652522', 'anhelstrong@mail.ru', '2015-12-02 21:11:22', 'Записаться в шоурум'),
(99, 'Кристина', '(926) 8792043', 'Merezhko-k@yandex.ru', '2015-12-02 23:26:02', 'Записаться в шоурум'),
(100, 'Мария', '(916) 702-8313', 'mzemlyakova@gmail.com', '2015-12-03 10:25:58', 'Записаться в шоурум'),
(101, 'Екатерина', '79197708052', 'evsapronova@yandex.ru', '2015-12-03 10:30:56', '| Запись на примерку в шоурум'),
(102, 'Виктория', '79055052419', 'antsoupovav@gmail.com', '2015-12-03 10:45:33', 'Записаться в шоурум'),
(103, '', '', '', '2015-12-03 10:45:33', ''),
(104, 'Виталия Прокофьева', '89167576126', 'vitalechka1987@yandex.ru', '2015-12-03 11:40:15', 'Записаться в шоурум'),
(105, 'Жанна', '89167542969', 'bgn80@yandex.ru', '2015-12-03 17:32:31', 'Записаться в шоурум'),
(106, 'Елена', '89175246475', 'mirley@inbox.ru', '2015-12-03 20:11:27', 'Записаться в шоурум'),
(107, '', '', '', '2015-12-03 20:58:58', ''),
(108, 'Евгения', '79162153151', 'Puppy777@yandex.ru', '2015-12-03 20:58:58', 'Записаться в шоурум'),
(109, 'Светлана', '89257230076', 'svetlana.eydemiller@gmail.com', '2015-12-04 08:31:00', 'Записаться в шоурум'),
(110, 'юлич', '79031706484', 'Voyager-jh@yandex.ru', '2015-12-04 10:56:38', 'Записаться в шоурум'),
(111, 'Ольга', '89263329149', 'o.chistokhvalova@yandex.ru', '2015-12-04 11:27:33', 'Записаться в шоурум'),
(112, 'Анна', '89067895296', 'anna.dyatlovskaya@gmail.com', '2015-12-04 12:16:48', 'Записаться в шоурум'),
(113, 'Людиила', '79163080387', '7770588@gmaik.com', '2015-12-04 17:49:23', 'Записаться в шоурум'),
(114, 'Евгения', '89154685169', 'Barusheva@mail.ru', '2015-12-04 21:16:22', 'Записаться в шоурум'),
(115, 'юля', '89265399901', 'yamamayula@yandex.ru', '2015-12-04 22:11:03', 'Записаться в шоурум'),
(116, 'Маргарита', '79636553824', 'rejns@mail.ru', '2015-12-05 10:21:45', 'Записаться в шоурум'),
(117, 'Людмила', '79163080387', '7770588@gmail.com', '2015-12-05 12:51:32', 'Записаться в шоурум'),
(118, 'Янина', '79031900585', 'Yanina_2002@mail.ru', '2015-12-05 15:32:24', 'Записаться в шоурум'),
(119, 'Анна', '89104015363', 'Ashavmarova@gmail.com', '2015-12-05 17:20:25', 'Записаться в шоурум'),
(120, 'Анастасия', '89057781515', 'gyndareva_a@mail.ru', '2015-12-05 17:28:24', 'Записаться в шоурум'),
(121, 'Vera', '89262453547', 'Buzinatra@gmail.com', '2015-12-06 00:39:26', 'Записаться в шоурум'),
(122, 'Ирина', '89265983255', 'Irinakomachenko@yandex.ru', '2015-12-06 13:07:55', 'Записаться в шоурум'),
(123, 'Ирина', '89265983255', 'Irinakomachenko@yandex.ru', '2015-12-06 13:07:55', 'Записаться в шоурум'),
(124, 'Ольга', '89263329149', 'o.chistokhvalova@yandex.ru', '2015-12-06 13:42:06', 'Записаться в шоурум'),
(125, 'Анна', '89099707291', 'd-aa86@mail.ru', '2015-12-06 22:07:41', 'Записаться в шоурум'),
(126, 'Адель', '89266186875', 'a_delin_a@icloud.com', '2015-12-06 22:28:48', 'Записаться в шоурум'),
(127, 'Евгения', '89257173652', 'jane_@rambler.ru', '2015-12-07 07:29:38', 'Записаться в шоурум'),
(128, 'Надежда', '89162361466', 'nadezdafilatova@gmail.com', '2015-12-07 09:09:46', 'Записаться в шоурум'),
(129, 'Мария', '7(916)407-88-53', 'Prozrachnaia@yandex.ru', '2015-12-07 11:27:00', 'Записаться в шоурум'),
(130, 'Надежда', '89039662103', 'yarviola@gmail.com', '2015-12-07 13:35:23', 'Записаться в шоурум'),
(131, 'Фатима', '9267275804', 'Erkenova07@gmail.com', '2015-12-07 17:18:03', 'Записаться в шоурум'),
(132, 'Виктория', '89266083288', 'Kissiy@gmail.com', '2015-12-07 17:28:04', '| Запись на примерку в шоурум'),
(133, 'Наринэ', '89191082320', 'Nar3272@yandex.ru', '2015-12-07 18:21:28', 'Записаться в шоурум'),
(134, 'Юлия', '89266451733', 'kuklabarby@inbox.ru', '2015-12-07 22:06:30', 'Записаться в шоурум'),
(135, 'Мария', '89055791282', 'Stef62@mail.ru', '2015-12-08 10:08:33', 'Записаться в шоурум'),
(136, 'Наталья', '79153216575', 'natalia.glyankina@gmail.com', '2015-12-08 11:20:40', 'Записаться в шоурум'),
(137, 'Галина', '89264223474', 'Info@pokolenie-fond.ru', '2015-12-08 13:29:55', 'Записаться в шоурум'),
(138, 'Ксения', '89164487451', 'ksu---sha@mail.ru', '2015-12-08 16:56:29', 'Записаться в шоурум'),
(139, 'Валентина', '89169541011', 'Vkondrina@yandex.ru', '2015-12-08 18:13:46', 'Записаться в шоурум'),
(140, 'Надежда', '9150989950', 'lee_bacardi@mail.ru', '2015-12-08 22:30:29', 'Записаться в шоурум'),
(141, 'ильмира', '89031773447', 'ilmirochka56@mail.ru', '2015-12-09 08:43:57', 'Записаться в шоурум'),
(142, 'Наталья', '89164961308', 'Natali.v.1812@gmail.com', '2015-12-09 10:58:04', 'Записаться в шоурум'),
(143, 'Ольга', '89854192956', 'Kamsof@yandex.ru', '2015-12-09 13:18:36', '| Запись на примерку в шоурум'),
(144, 'Эльмира', '8 926 661 96 09', 'v.elmira@hotmail.com', '2015-12-09 14:34:43', 'Записаться в шоурум'),
(145, 'Екатерина', '79267338802', 'kitegh@gmail.com', '2015-12-09 15:10:07', 'Записаться в шоурум'),
(146, 'Диана', '8-910-404-3380', 'Pnina3@inbox.ru', '2015-12-09 16:01:43', 'Записаться в шоурум'),
(147, 'Ирина', '89671672767', 'Kushkhovai@bk.ru', '2015-12-09 18:05:17', 'Записаться в шоурум'),
(148, 'Екатерина', '79165768532', 'ekaterina@dailydance.ru', '2015-12-09 18:24:40', 'Записаться в шоурум'),
(149, 'Мария', '89163511313', 'Kovrovstyle@mail.ru', '2015-12-09 22:55:15', 'Записаться в шоурум'),
(150, 'Мария', '79199912887', 'mmukhina@mail.ru', '2015-12-09 23:10:55', 'Записаться в шоурум'),
(151, 'Алсу', '89163262017', 'Alsu.yagubova@mail.ru', '2015-12-10 09:09:49', 'Записаться в шоурум'),
(152, 'Анна', '8-916-316-6202', 'as@bulkabakery.ru', '2015-12-10 09:55:17', 'Записаться в шоурум'),
(153, 'Клавдия', '89263476555', 'Sementsova@inbox.ru', '2015-12-10 09:58:37', 'Записаться в шоурум'),
(154, 'Елена', '79898262646', 'elenaurmanova@hotmail.com', '2015-12-10 10:52:55', 'Записаться в шоурум'),
(155, 'Кристина', '89163359978', 'kristinasha@gmail.com', '2015-12-10 11:26:44', 'Записаться в шоурум'),
(156, 'Константин', '8 926 980 94 39', 'bichurin@list.ru', '2015-12-10 11:37:08', 'Записаться в шоурум'),
(157, 'Ольга', '89104403859', 'ranneva@yandex.ru', '2015-12-10 15:43:04', 'Записаться в шоурум'),
(158, 'Юлия', '7915 198 94 83', 'kalinochka86@mail.ru', '2015-12-10 15:48:36', 'Записаться в шоурум'),
(159, 'Ксения', '79265716979', 'yurtaeva_ksenia@mail.ru', '2015-12-10 16:06:20', 'Записаться в шоурум'),
(160, 'Юлия', '89852260034', 'Marjulia@mail.ru', '2015-12-10 17:30:27', 'Записаться в шоурум'),
(161, 'Ксения', '89150228794', 'rabinkova.ksenia@gmail.com', '2015-12-10 18:36:51', 'Записаться в шоурум'),
(162, 'Алла', '8-915-053-52-51', 'asimikova@yandex.ru', '2015-12-10 18:44:06', 'Записаться в шоурум'),
(163, 'Тамила', '89258585548', 'tavtamila@rambler.ru', '2015-12-10 19:11:13', 'Записаться в шоурум'),
(164, 'Виктория', '89060872202', 'Vikagulneva@ya.ru', '2015-12-10 20:25:20', 'Записаться в шоурум'),
(165, 'Елена', '79169917576', 'udina11@yandex.ru', '2015-12-10 21:01:22', 'Записаться в шоурум'),
(166, 'Ольга', '89036761990', 'Terentieva.olga@gmail.com', '2015-12-10 22:00:08', 'Записаться в шоурум'),
(167, 'Александра', '89169728072', 'Alex-zap@yandex.ru', '2015-12-11 08:26:34', 'Записаться в шоурум'),
(168, 'Мария', '8-903-611-20-36', 'meri@rbcmail.ru', '2015-12-11 10:48:58', 'Записаться в шоурум'),
(169, 'Мария', '89262730624', 'Mary_108@mail.ru', '2015-12-11 11:23:33', 'Записаться в шоурум'),
(170, 'Ольга', '89035049919', 'Pushkareva@rambler.ru', '2015-12-11 12:12:10', 'Записаться в шоурум'),
(171, 'Ирина', '79854203722', 'irinazh1@mai.ru', '2015-12-11 12:21:28', 'Записаться в шоурум'),
(172, 'Наталья', '89265088224', 'natalia.govoruhina@gmail.com', '2015-12-11 12:43:19', 'Записаться в шоурум'),
(173, 'Марина', '79854114982', 'marinazenkova@rambler.ru', '2015-12-11 12:45:22', 'Записаться в шоурум'),
(174, 'Наталия', '79161302033', 'mednik.n@gmail.com', '2015-12-11 13:40:12', 'Записаться в шоурум'),
(175, 'Валентина', '79645656656', 'valya.guzova@gmail.com', '2015-12-11 16:22:13', 'Записаться в шоурум'),
(176, 'Наталья', '79037259216', 'natalie13a@gmail.com', '2015-12-11 18:38:35', 'Записаться в шоурум'),
(177, 'Лидия', '89037922679', 'loplida@yandex.ru', '2015-12-11 22:41:25', 'Записаться в шоурум'),
(178, 'Ирина', '8916-346-3007', 'Artdomino@gmail.com', '2015-12-11 23:59:11', 'Записаться в шоурум'),
(179, 'Olga', '89687661200', 'O.koleva@rian.ru', '2015-12-12 02:53:58', 'Записаться в шоурум'),
(180, 'Лидия', '8905 5222192', 'Lkn81@mail.ru', '2015-12-12 10:40:21', '| Запись на примерку в шоурум'),
(181, 'Янита', '89260839223', 'Zaharneva@inbox.ru', '2015-12-12 11:51:10', 'Записаться в шоурум'),
(182, 'Мария', '89262730624', 'Mary_108@mail.ru', '2015-12-12 12:48:03', 'Записаться в шоурум'),
(183, 'Мария', '89262730624', 'Mary_108@mail.ru', '2015-12-12 12:48:10', 'Записаться в шоурум'),
(184, 'Мария', '89262730624', 'Mary_108@mail.ru', '2015-12-12 12:49:44', 'Записаться в шоурум'),
(185, 'Ирина', '89160283322', 'I.kirshina@yandex.ru', '2015-12-12 13:38:53', 'Записаться в шоурум'),
(186, 'Анна', '89104703599', 'annetta88@inbox.ru', '2015-12-12 15:54:17', 'Записаться в шоурум'),
(187, 'Диана', '89104043380', 'Pnina3@inbox.ru', '2015-12-12 18:40:22', 'Записаться в шоурум'),
(188, 'Елена', '89264674222', 'ZHukova.E@medicina.ru', '2015-12-12 19:14:09', 'Записаться в шоурум'),
(189, 'Людмила', '89031568609', 'h2322220@yandex.ru', '2015-12-12 22:19:40', 'Записаться в шоурум'),
(190, 'Олеся', '89099084079', 'Sozolesya@yandex.ru', '2015-12-13 00:05:03', 'Записаться в шоурум'),
(191, 'Светлана', '89031114437', 'sbutylina@rambler.ru', '2015-12-13 01:49:49', 'Записаться в шоурум'),
(192, 'Диана', '79651586078', 'kamdi199@gmail.com', '2015-12-13 13:56:50', 'Записаться в шоурум'),
(193, 'Наталья', '89037174444', 'sokolova.nathalie@gmail.com', '2015-12-13 18:59:10', 'Записаться в шоурум'),
(194, 'юлия', '9857288293', 'yulenbka-m@yandex.ru', '2015-12-13 19:01:41', 'Записаться в шоурум'),
(195, 'Юлия', '89035053029', 'louvefemme@mail.ru', '2015-12-13 20:36:10', 'Записаться в шоурум'),
(196, 'Татьяна', '89031835681', 'slavinatatyana@gmail.com', '2015-12-13 21:12:24', 'Записаться в шоурум'),
(197, 'Валерия', '89268416607', 'l-lebedeva@inbox.ru', '2015-12-14 00:06:36', 'Записаться в шоурум'),
(198, 'Инна', '89636679077', 'Innka4@gmail.com', '2015-12-14 01:53:08', 'Записаться в шоурум'),
(199, 'Юлия', '41791278241', 'julia.vynokurova@gmail.com', '2015-12-14 06:24:01', 'Записаться в шоурум'),
(200, 'Даяна', '89152911053', 'DayanaSen@gmail.com', '2015-12-14 11:05:31', 'Записаться в шоурум'),
(201, 'Катерина', '89153511632', 'Katerina.zhemaytis@icloud.com', '2015-12-14 11:18:26', 'Записаться в шоурум'),
(202, 'мария', '89265440540', 'mkorotetskaya@gmail.com', '2015-12-14 13:32:04', 'Записаться в шоурум'),
(203, 'Анна', '8 (906) 789-5296', 'anna.dyatlovskaya@gmail.com', '2015-12-14 14:46:04', 'Записаться в шоурум'),
(204, 'Сильвия', '89167366071', 'Salamia111@gmail.com', '2015-12-14 17:34:39', 'Записаться в шоурум'),
(205, 'Диана', '79057330744', 'akhmetovadiana@yandex.ru', '2015-12-15 10:01:11', 'Записаться в шоурум'),
(206, 'Надежда', '89251280568', 'na.chernobrovkina@gmail.com', '2015-12-15 10:45:16', 'Записаться в шоурум'),
(207, 'Екатерина', '89269579907', 'erubanova24@mail.ru', '2015-12-15 19:05:06', 'Записаться в шоурум'),
(208, 'ольга', '8-926-532-22-62', 'olgavorkueva@yahoo.com', '2015-12-15 21:30:48', 'Записаться в шоурум'),
(209, 'Вера', '7(925)5053856', 'labormail@mail.ru', '2015-12-16 09:48:19', 'Записаться в шоурум'),
(210, 'Валерия', '89164013010', 'bortsova1@mail.ru', '2015-12-16 10:08:30', 'Записаться в шоурум'),
(211, 'Анна', '89099137973', '89099137973@inbox.ru', '2015-12-16 13:00:23', 'Записаться в шоурум'),
(212, 'Алёна', '79859221985', 'alepakhomova@mail.ru', '2015-12-16 13:12:00', 'Записаться в шоурум'),
(213, 'Наталья', '89035373518', '_natali__@mail.ru', '2015-12-16 13:19:16', 'Записаться в шоурум'),
(214, 'Евгения', '89036846774', 'Kutti@mail.ru', '2015-12-16 14:59:26', 'Записаться в шоурум'),
(215, 'Ольга', '8-916-234-44-21', 'ivolgaenator@gmail.com', '2015-12-16 15:44:04', 'Записаться в шоурум'),
(216, 'Виктория', '79167451228', 'Vk25750@gmail.com', '2015-12-16 18:09:15', 'Записаться в шоурум'),
(217, 'Анна', '9175379153', 'Anlarina@gmail.com', '2015-12-16 22:58:31', 'Записаться в шоурум'),
(218, 'Мария', '79175017136', 'maria.u.mukhina@gmail.com', '2015-12-16 23:20:49', 'Записаться в шоурум'),
(219, 'Алла', '7(926)218-80-24', 'alla.tretyakova@mail.ru', '2015-12-17 10:09:40', 'Записаться в шоурум'),
(220, 'Анна', '89653106126', 'Anna.sv@bk.ru', '2015-12-17 12:29:52', 'Записаться в шоурум'),
(221, 'Светлана', '89035707050', 'pichugina_1980@mail.ru', '2015-12-17 12:43:03', 'Записаться в шоурум'),
(222, 'Юлия', '89036138321', 'julia_reina@mail.ru', '2015-12-17 12:51:33', 'Записаться в шоурум'),
(223, 'Ольга', '89153906963', 'Olyak8@yandex.ru', '2015-12-17 17:45:16', '| Запись на примерку в шоурум'),
(224, 'Вера', '89037922972', 'veralipilina@yandex.ru', '2015-12-17 17:58:40', 'Записаться в шоурум'),
(225, 'Полина', '89032167655', 'pollini777@mail.ru', '2015-12-18 10:16:08', 'Записаться в шоурум'),
(226, 'Евгения', '89032618868', 'ms.evgenia.serbina@gmail.com', '2015-12-18 11:37:37', 'Записаться в шоурум'),
(227, 'Полина', '89265978965', 'polinakuzmenkova@ya.ru', '2015-12-18 12:17:59', 'Записаться в шоурум'),
(228, 'Юлия', '9031625208', 'popova.jullia@gmail.com', '2015-12-18 13:34:03', 'Записаться в шоурум'),
(229, 'Анна', '89165489684', 'Elchyanna@gmail.ru', '2015-12-18 13:58:43', 'Записаться в шоурум'),
(230, 'Елена Рыжова', '79165865283', 'elenaryzhova@mail.ru', '2015-12-18 18:22:48', 'Записаться в шоурум'),
(231, 'Ольга', '8-916-990-46-24', 'Olgatroc@yandex.ru', '2015-12-18 18:47:02', 'Записаться в шоурум'),
(232, 'светлана', '89261338903', 'stykalina@yandex.ru', '2015-12-18 19:03:44', 'Записаться в шоурум'),
(233, 'Евгения', '89264836107', 'Ms.evgeniya137@mail.ru', '2015-12-18 20:30:24', 'Записаться в шоурум'),
(234, 'Инга', '89645226967', 'Drobyshevskayaio@mail.ru', '2015-12-18 20:39:11', 'Записаться в шоурум'),
(235, 'Инга', '89645226967', 'Drobyshevskayaio@mail.ru', '2015-12-18 20:39:13', 'Записаться в шоурум'),
(236, 'Алена', '89104039009', 'Alena.kokosadze@mail.ru', '2015-12-18 22:56:43', 'Записаться в шоурум'),
(237, 'Stephen', '89169226241', 'Relishsteve@hotmail.com', '2015-12-19 10:02:11', 'Записаться в шоурум'),
(238, 'Elena', '447518407940', 'elena.prilepa@gmail.com', '2015-12-19 15:49:46', 'Записаться в шоурум'),
(239, 'Елена', '89055434143', 'Dzamihova_e@sferagr.ru', '2015-12-19 17:01:08', 'Записаться в шоурум'),
(240, 'Полина', '89261419776', 'Pzlatkina@mail.ru', '2015-12-19 18:56:24', 'Записаться в шоурум'),
(241, 'Test', '12233444', 'Aaaatest@gmail.com', '2015-12-20 13:57:09', 'Записаться в шоурум'),
(242, 'Елена', '89264674222', 'ZHukova.E@mail.ru', '2015-12-20 14:08:10', 'Записаться в шоурум'),
(243, 'Александра', '8(926)056-62-78', 'Mildness@mail.ru', '2015-12-20 14:13:52', 'Записаться в шоурум'),
(244, 'Ирина', '79266110744', 'Kiselewa@yandex.ru', '2015-12-20 15:10:07', 'Записаться в шоурум'),
(245, 'Ольга', '79851954360', 'opigach@bk.ru', '2015-12-20 18:08:15', 'Записаться в шоурум'),
(246, 'екатерина', '89853852900', 'dostich@mail.ru', '2015-12-20 18:08:45', 'Записаться в шоурум'),
(247, 'Yana', '9859745485', 'Elcheva@yandex.ru', '2015-12-20 18:12:49', 'Записаться в шоурум'),
(248, 'Inna', '79160875348', 'inna-vetelina@yandex.ru', '2015-12-20 22:09:10', 'Записаться в шоурум'),
(249, 'Оксана', '89153809761', 'Ohannanova@mail.ru', '2015-12-20 22:21:19', 'Записаться в шоурум'),
(250, 'Ольга', '89166368183', 'Yuklaevskayaolga@gmail.com', '2015-12-20 22:21:52', 'Записаться в шоурум'),
(251, 'Светлана', '89154904779', 'Ess31@rambler.ru', '2015-12-21 00:55:33', 'Записаться в шоурум'),
(252, 'Анна', '89687251111', 'igra494@gmail.com', '2015-12-21 10:47:50', 'Записаться в шоурум'),
(253, 'Ирина', '89154039499', 'iren159@yandex.ru', '2015-12-21 12:49:57', 'Записаться в шоурум'),
(254, 'Елена', '89163921357', 'garanina@bk.ru', '2015-12-21 13:55:38', 'Записаться в шоурум'),
(255, 'Елена', '89055525210', 'e_kondratenko@mail.ru', '2015-12-21 17:28:07', 'Записаться в шоурум'),
(256, 'елена', '89175544556', 'v-elena05@mail.ru', '2015-12-21 19:26:35', 'Записаться в шоурум'),
(257, 'Альбина', '89165266811', 'Diamond_a@mail.ru', '2015-12-21 21:05:59', 'Записаться в шоурум'),
(258, 'Ольга', '8-916-990-46-24', 'olgatroc@ysndex.ru', '2015-12-21 23:42:11', 'Записаться в шоурум'),
(259, 'Дарья', '89852905501', 'Wisdaris@bk.ru', '2015-12-22 07:08:42', 'Записаться в шоурум'),
(260, 'Елена', '89629892022', 'Elenaafilatova@gmail.com', '2015-12-22 09:05:25', 'Записаться в шоурум'),
(261, 'Ирина', '89260730283', 'irusik_z@bk.ru', '2015-12-22 11:56:06', 'Записаться в шоурум'),
(262, 'Мария', '89199663154', 'Mlenskaya@hotmail.com', '2015-12-22 12:29:43', 'Записаться в шоурум'),
(263, 'Марина', '79854114982', 'marinazenkova@rambler.ru', '2015-12-22 17:23:38', 'Записаться в шоурум'),
(264, 'Ани', '89296176100', 'mariameni@mail.ru', '2015-12-22 18:27:55', 'Записаться в шоурум'),
(265, 'Ульяна', '89037076006', 'Ulyanalukoyanova@gmail.com', '2015-12-22 20:28:27', 'Записаться в шоурум'),
(266, 'Наталья', '89164487622', 'Ruzanova84@list.ru', '2015-12-22 20:54:00', 'Записаться в шоурум'),
(267, 'Елена', '89104932293', 'Selena2183@mail.ru', '2015-12-22 23:14:52', 'Записаться в шоурум'),
(268, 'Ольга', '79266078535', 'trophumova@rambler.ru', '2015-12-22 23:29:33', 'Записаться в шоурум'),
(269, 'Наталия', '89153203262', 'nataliya_komarov@mail.ru', '2015-12-23 15:01:57', 'Записаться в шоурум'),
(270, 'Анастасия', '89670494857', 'A9670494857@gmail.com', '2015-12-23 15:08:46', 'Записаться в шоурум'),
(271, 'Клавдия', '8-926-727-90-84', 'Kasja87@mail.ru', '2015-12-23 16:12:20', 'Записаться в шоурум'),
(272, 'Анна', '89057090882', 'Anna.pogorelova.md@gmail.com', '2015-12-23 19:45:46', 'Записаться в шоурум'),
(273, 'александра', '89191084500', 'koshelenko_exandra@mail.ru', '2015-12-23 21:10:24', 'Записаться в шоурум'),
(274, 'Ирина', '89254009555', 'Goldina.in@gmail.com', '2015-12-23 21:53:22', '| Запись на примерку в шоурум'),
(275, 'Катя', '89035453434', 'Katy@yandex.ru', '2015-12-23 22:38:08', 'Записаться в шоурум'),
(276, 'Вадим', '89030063333', 'vadim@newtoday.ru', '2015-12-23 22:54:29', 'Заказать подарочную карту'),
(277, 'мария', '89254540535', 'maria.stepnova@mail.ru', '2015-12-24 10:18:16', 'Записаться в шоурум'),
(278, 'Анна', '89055144385', '0175849@gmail.com', '2015-12-24 12:09:02', 'Записаться в шоурум'),
(279, 'анна', '89258442854', 'annavox@gmail.com', '2015-12-24 12:20:25', 'Записаться в шоурум'),
(280, 'Анна', '89153203724', 'creation24@yandex.ru', '2015-12-24 16:43:36', 'Записаться в шоурум'),
(281, 'Анна', '79150317727', 'pridanovaa@gmail.com', '2015-12-24 20:09:31', 'Записаться в шоурум'),
(282, 'Екатерина', '9261476602', 'Leilichka@yandex.ru', '2015-12-24 22:02:21', 'Записаться в шоурум'),
(283, 'Елена', '89035493100', 'Elena_zutikova@mail.ru', '2015-12-24 23:58:47', 'Записаться в шоурум'),
(284, 'Мария', '89168212886', 'star-maria@yandex.ru', '2015-12-25 11:56:37', 'Записаться в шоурум'),
(285, 'Мария', '89163363639', 'Ilbm@yandex.ri', '2015-12-25 15:40:36', '| Запись на примерку в шоурум'),
(286, 'Полина', '89652154296', 'Meltser21@mail.ru', '2015-12-26 09:37:32', 'Записаться в шоурум'),
(287, 'Полина', '79254908009', 't.pola@yandex.ru', '2015-12-26 12:11:44', 'Записаться в шоурум'),
(288, 'Ирина', '89854158742', 'barulina.irina@gmail.com', '2015-12-26 13:57:30', 'Записаться в шоурум'),
(289, 'Ирина', '89150918020', 'Iro4ka@mail.ru', '2015-12-26 17:43:59', 'Записаться в шоурум'),
(290, 'Ирина', '79160283322', 'I.kirshina@yandex.ru', '2015-12-26 17:45:16', 'Записаться в шоурум'),
(291, 'Екатерина', '89104267970', 'keynoter@yandex.ru', '2015-12-26 18:29:31', 'Записаться в шоурум'),
(292, 'Oksana', '79854781288', 'Oxana.besedina@gmail.com', '2015-12-27 00:14:24', 'Записаться в шоурум'),
(293, 'Лина', '89636353810', 'Zoza-mimoza@yandex.ru', '2015-12-27 03:43:09', 'Записаться в шоурум'),
(294, 'Любовь', '89685043754', 'ant.liubov@gmail.com', '2015-12-27 07:44:22', 'Записаться в шоурум'),
(295, 'Елена', '916-511-9008', 'Elena.garbarchuk@mail.ru', '2015-12-27 09:56:48', 'Записаться в шоурум'),
(296, 'Старжинская Олеся', '79688290828', 'starzhinskaya@yandex.ru', '2015-12-27 17:53:15', 'Записаться в шоурум'),
(297, 'Анастасия', '8-916-321-19-35', 'anastasiashagalova@gmail.com', '2015-12-28 01:26:20', 'Записаться в шоурум'),
(298, 'Мария', '89267661691', 'mi1ena@mail.ru', '2015-12-28 10:54:05', 'Записаться в шоурум'),
(299, 'Ирина', '89269007365', 'morganstern@mail.ru', '2015-12-28 12:34:55', 'Заказать индивидуальный пошив'),
(300, 'Ирина', '89269007365', 'morganstern@mail.ru', '2015-12-28 12:39:46', 'Записаться в шоурум'),
(301, 'Елена', '8 (963) 681-98-40', 'lannell81@mail.ru', '2015-12-28 21:58:21', 'Записаться в шоурум'),
(302, 'Светлана', '89629604216', 'SNikulina86@gmail.com', '2015-12-28 22:09:39', 'Записаться в шоурум'),
(303, 'Евгения', '89055224443', 'Julia91107@mail.ru', '2015-12-28 23:51:43', 'Записаться в шоурум'),
(304, 'Юлия', '79154116777', 'inchinay@inbox.ru', '2015-12-29 00:23:36', 'Записаться в шоурум'),
(305, 'Анна', '79261111153', '1111153@mail.ru', '2015-12-29 02:00:58', 'Записаться в шоурум'),
(306, 'test', '89151103026', 'info@glzn.ru', '2015-12-29 22:34:35', 'Записаться в шоурум'),
(307, 'Тест', '9151103026', 'alexander.suyazov@gmail.com', '2015-12-30 16:13:12', 'Записаться в шоурум'),
(308, 'Ольга', '79)36080304', 'Elfolga@gmail.com', '2015-12-30 20:13:39', 'Записаться в шоурум'),
(309, 'Наталья', '89175410979', 'Natasha@tsaryov.ru', '2016-01-01 14:23:29', 'Записаться в шоурум'),
(310, 'Юлия', '79167400376', 'Kosolapovaya@mail.ru', '2016-01-02 20:50:09', 'Записаться в шоурум'),
(311, 'Юлия', '89683931869', 'Linyulia0531@gmail.com', '2016-01-03 20:53:09', 'Записаться в шоурум'),
(312, 'Ksenia', '89620598406', 'Politovakm@alfastrah.ru', '2016-01-03 23:37:38', 'Записаться в шоурум'),
(313, 'Кристина', '89636552921', 'Kristinadido@mail.ru', '2016-01-04 14:58:29', '| Запись на примерку в шоурум'),
(314, 'Ирина', '79266110744', 'kiselewa@yandex.ru', '2016-01-05 00:48:25', 'Записаться в шоурум'),
(315, 'Мария', '89262730624', 'Mary_108@mail.ru', '2016-01-05 12:14:04', 'Записаться в шоурум'),
(316, 'Любовь', '89268370081', 'ladyzone@mail.ru', '2016-01-05 13:28:22', 'Записаться в шоурум'),
(317, 'Олеся Чедлеева', '79111926220', 'chedleeva@gmail.com', '2016-01-05 14:55:26', '| Запись на примерку в шоурум'),
(318, 'Динара', '89859041193', 'Dinara1455@yandex.ru', '2016-01-05 19:55:34', 'Записаться в шоурум'),
(319, 'Ольга', '8-916-163-69-42', 'olga_fns@mail.ru', '2016-01-05 22:42:39', 'Записаться в шоурум'),
(320, 'Кристина', '89161523213', 'Klesnikova@gmail.com', '2016-01-06 14:23:58', 'Записаться в шоурум'),
(321, 'Екатерина', '79647205560', 'selivanova.bestimage@gmail.com', '2016-01-06 18:48:02', 'Записаться в шоурум'),
(322, 'Анастасия', '89268517650', 'Zhbanova@yandex.ru', '2016-01-06 18:57:44', 'Записаться в шоурум'),
(323, 'Диана', '89654459300', 'Diananil@mail.ru', '2016-01-07 12:56:48', 'Записаться в шоурум'),
(324, 'юлия', '79295098033', 'c_yuliya@mail.ru', '2016-01-08 12:25:04', 'Записаться в шоурум'),
(325, 'Сана', '89057419168', 'gata3012@mail.ru', '2016-01-08 13:28:10', 'Записаться в шоурум'),
(326, 'Арина', '89150158664', 'achentso@gmail.com', '2016-01-08 15:17:15', 'Записаться в шоурум'),
(327, 'Татьяна', '89104423803', 'h-t-u@mail.ru', '2016-01-08 18:49:23', 'Записаться в шоурум'),
(328, 'Дарья', '89629837564', 'Murzinova.da@gmail.com', '2016-01-08 22:05:12', 'Записаться в шоурум'),
(329, 'Анастасия', '8(926)8131506', 'achernikova77@yandex.ru', '2016-01-09 07:03:30', '| Запись на примерку в шоурум'),
(330, 'Юлия', '79295098033', 'c_yuliya@mail.ru', '2016-01-09 14:04:00', 'Записаться в шоурум'),
(331, 'Alexander Suyazov', '79151103026', 'soujazov.a@gmail.com', '2016-01-09 15:05:33', 'Записаться в шоурум'),
(332, 'Alexander Suyazov', '79151103026', 'alexander.suyazov@gmail.com', '2016-01-09 15:15:39', 'Записаться в шоурум'),
(333, 'Nsbsjshsb Djjdbdnd', '74955635215', 'Aaaatest@gmail.com', '2016-01-09 15:16:17', 'Записаться в шоурум'),
(334, 'Nsbsjshsb Djjdbdnd', '74955635215', 'Aaaatest@gmail.com', '2016-01-09 15:16:17', 'Записаться в шоурум'),
(335, 'Nsbsjshsb Djjdbdnd', '74955635215', 'Aaaatest@gmail.com', '2016-01-09 15:16:26', 'Записаться в шоурум'),
(336, 'Nsbsjshsb Djjdbdnd', '74955635215', 'Aaaatest@gmail.com', '2016-01-09 15:16:46', 'Заказать индивидуальный пошив'),
(337, 'Дарья', '79260013082', 'Dbaybakova@mail.ru', '2016-01-09 17:23:27', 'Записаться в шоурум'),
(338, 'Ирина', '79266282248', 'irina.kavunova@gmail.com', '2016-01-09 20:20:00', 'Записаться в шоурум'),
(339, 'Марина', '79854114982', 'Marinazenkova@rambler.ru', '2016-01-10 12:40:16', 'Записаться в шоурум'),
(340, 'Елена', '89067237002', 'Andrianaelenova@gmail.com', '2016-01-10 14:24:25', 'Записаться в шоурум'),
(341, 'Инна', '9166413344', 'Innochka2@yandex.ru', '2016-01-10 16:42:57', 'Записаться в шоурум'),
(342, 'Динара', '79645880836', 'd.nurmuhametova@gmail.com', '2016-01-10 21:16:20', 'Записаться в шоурум'),
(343, 'Ирина', '89151866650', 'Doctor.ortho@yandex.ru', '2016-01-10 22:00:40', 'Записаться в шоурум'),
(344, 'Людмила', '89204212707', 'Lvasilyeva@bk.ru', '2016-01-10 23:29:17', 'Записаться в шоурум'),
(345, 'Светлана', '9266291365', 'Bella-mafiya@mail.ru', '2016-01-10 23:43:53', 'Записаться в шоурум'),
(346, 'Ирина', '9269039369', 'dirart@mail.ru', '2016-01-11 12:00:37', 'Записаться в шоурум'),
(347, 'Наталья', '89163536373', 'tashe4ka85@yandex.ru', '2016-01-11 14:07:22', 'Записаться в шоурум'),
(348, 'Евгения', '79151032158', 'jina_bj@bk.ru', '2016-01-11 16:17:26', 'Записаться в шоурум'),
(349, 'Алла', '79037792627', 'amitrofanova@foma.ru', '2016-01-11 22:33:43', 'Записаться в шоурум'),
(350, 'Наталья', '89161099837', 'Sverdlovanu@ya.ru', '2016-01-12 11:35:18', 'Записаться в шоурум'),
(351, 'Ирина', '89166502468', 'Lutsenko.press@gmail.com', '2016-01-12 13:10:55', 'Записаться в шоурум'),
(352, 'Alexander Suyazov', '79151103026', 'alexander.suyazov@gmail.com', '2016-01-12 14:06:21', 'Записаться в шоурум'),
(353, 'Alexander Suyazov', '79151103026', 'info@glzn.ru', '2016-01-12 14:09:13', 'Записаться в шоурум'),
(354, 'Alexander Suyazov', '79151103026', 'info@glzn.ru', '2016-01-12 14:10:19', 'Записаться в шоурум'),
(355, 'Alexander Suyazov', '79151103026', 'info@glzn.ru', '2016-01-12 14:11:44', 'Записаться в шоурум'),
(356, 'Alexander Suyazov', '79151103026', 'info@glzn.ru', '2016-01-12 14:13:23', 'Записаться в шоурум'),
(357, 'Alexander Suyazov', '79151103026', 'info@glzn.ru', '2016-01-12 14:19:51', 'Записаться в шоурум'),
(358, 'Alexander Suyazov', '79151103026', 'info@glzn.ru', '2016-01-12 14:35:40', 'Записаться в шоурум'),
(359, 'Анастасия', '89852329784', 'Anasteiziya@mail.ru', '2016-01-12 14:44:47', 'Записаться в шоурум');

-- --------------------------------------------------------

--
-- Структура таблицы `cart`
--
-- Создание: Ноя 16 2015 г., 13:49
-- Последнее обновление: Янв 12 2016 г., 14:24
--

DROP TABLE IF EXISTS `cart`;
CREATE TABLE IF NOT EXISTS `cart` (
  `id` int(11) NOT NULL,
  `price_id` int(11) NOT NULL,
  `login` varchar(100) NOT NULL,
  `size` varchar(100) NOT NULL,
  `color` int(11) NOT NULL,
  `kol` int(11) NOT NULL,
  `date` datetime NOT NULL
) ENGINE=MyISAM AUTO_INCREMENT=915 DEFAULT CHARSET=utf8;

--
-- Дамп данных таблицы `cart`
--

INSERT INTO `cart` (`id`, `price_id`, `login`, `size`, `color`, `kol`, `date`) VALUES
(34, 40, '6ef1f3186b51d802b9da31c23b9da843', '42', 0, 1, '2015-11-18 20:20:41'),
(18, 11, '2bb17f95ebc1d5204ba590afca992412', '42', 0, 1, '2015-11-18 12:44:03'),
(33, 41, 'tc72qm0s7appbrpkkbptkqa241', '48', 0, 1, '2015-11-18 18:57:17'),
(35, 22, 'ec36b426f111e12a6f07d18df0b99600', '42', 2, 1, '2015-11-18 20:41:06'),
(44, 38, 'ed446bfa96e8847522c1ecf9f3074d45', '46', 0, 1, '2015-11-19 13:26:39'),
(43, 26, '5463063d453d10c2e0363f9ba2715f31', '44', 12, 1, '2015-11-19 12:32:44'),
(42, 21, '5463063d453d10c2e0363f9ba2715f31', '44', 0, 1, '2015-11-19 12:32:13'),
(45, 38, 'ed446bfa96e8847522c1ecf9f3074d45', '48', 0, 1, '2015-11-19 13:26:45'),
(54, 26, '9776c0980e770583ac49e079adc00a0b', '42', 12, 1, '2015-11-19 14:41:11'),
(52, 45, '9c8941fc7ed3eb8019bf89e93b45dadf', '48', 1, 1, '2015-11-19 14:01:54'),
(51, 45, '9c8941fc7ed3eb8019bf89e93b45dadf', '42', 1, 1, '2015-11-19 13:59:54'),
(55, 43, '9776c0980e770583ac49e079adc00a0b', '42', 0, 1, '2015-11-19 14:42:00'),
(56, 14, '9776c0980e770583ac49e079adc00a0b', '42', 6, 1, '2015-11-19 14:42:57'),
(60, 41, '21922be0dc29600dc0eb286f84a810a6', '42', 0, 1, '2015-11-20 02:04:03'),
(58, 34, '7ee4eb2be1cfa1d527f7fe09bdfaf46c', '42', 0, 1, '2015-11-19 19:22:29'),
(63, 14, '1def3949cfec3e32db0f56cebf5baec5', '42', 5, 1, '2015-11-20 11:57:00'),
(62, 57, '21922be0dc29600dc0eb286f84a810a6', '42', 0, 1, '2015-11-20 02:06:06'),
(77, 41, 'f6ae8c889a69cd29b892f8cbf4221ff6', '46', 0, 1, '2015-11-20 20:26:46'),
(73, 41, '7phadm2agotitglj0fhb2pv7u5', '42', 0, 1, '2015-11-20 14:38:01'),
(70, 58, 'ecd97f03f7dffd6f486568f381ec2f77', '44', 0, 1, '2015-11-20 13:12:13'),
(69, 52, 'ecd97f03f7dffd6f486568f381ec2f77', '44', 8, 1, '2015-11-20 13:11:45'),
(76, 57, '723893bc551ac0aab7c882cb4c891837', '42', 0, 1, '2015-11-20 17:52:32'),
(79, 43, 'b1901e9e842b1e168b18cf422377d8c1', '46', 0, 1, '2015-11-20 22:37:05'),
(82, 50, '9e92839ff76d7b7ad513ba608451d3c0', '42', 5, 1, '2015-11-21 01:03:29'),
(83, 22, '9e92839ff76d7b7ad513ba608451d3c0', '42', 2, 1, '2015-11-21 01:17:02'),
(84, 22, '9e92839ff76d7b7ad513ba608451d3c0', '42', 12, 1, '2015-11-21 01:17:09'),
(85, 27, '9e92839ff76d7b7ad513ba608451d3c0', '42', 9, 1, '2015-11-21 01:17:26'),
(86, 50, '9e92839ff76d7b7ad513ba608451d3c0', '42', 5, 1, '2015-11-21 01:17:50'),
(87, 26, '3f608deb21aea5565d313d03ed0ef3c6', '42', 12, 1, '2015-11-21 02:43:31'),
(91, 21, 'f85626f54181974072caa83d3bde2f1a', '44', 0, 1, '2015-11-21 15:18:02'),
(101, 50, '61009623bfcd3e3ed10b0387e72e587e', '42', 5, 1, '2015-11-22 14:31:10'),
(102, 21, '9b093a1f83db329213e8f5a4b5a878bb', '42', 0, 1, '2015-11-22 18:24:08'),
(100, 43, '61009623bfcd3e3ed10b0387e72e587e', '42', 0, 1, '2015-11-22 13:53:17'),
(103, 50, '9b093a1f83db329213e8f5a4b5a878bb', '42', 5, 1, '2015-11-22 18:24:49'),
(108, 52, 'ca504bd9702621736e723b4a279f91f0', '48', 8, 1, '2015-11-22 23:00:32'),
(107, 21, '1b8620f7509cea25099743150df3ad34', '44', 0, 1, '2015-11-22 22:30:49'),
(114, 26, '948f5cc4f39c1e088c27255691bf15cc', '42', 12, 1, '2015-11-23 16:50:58'),
(113, 50, '46dba378c08c62049421e99f82115066', '42', 5, 1, '2015-11-23 12:37:17'),
(112, 42, 'ba63578bc3ba4d0f54784093ba92c023', '44', 0, 1, '2015-11-23 10:01:50'),
(115, 50, 'fa3fff5305dd2981ea048609f8a56ff9', '42', 5, 1, '2015-11-23 18:27:58'),
(116, 24, 'fa3fff5305dd2981ea048609f8a56ff9', '42', 5, 1, '2015-11-23 18:28:34'),
(117, 52, '64fcc48bc86085ba9b57711872b25755', '42', 8, 1, '2015-11-23 18:30:08'),
(118, 21, '4308a2d2143bad710acd4b82084afb74', '42', 0, 1, '2015-11-23 18:30:17'),
(119, 43, 'ff351c522d4e2799e14b11b0d0ca3ad9', '46', 0, 1, '2015-11-23 22:09:23'),
(120, 22, '5f7150e7634c23caabdba0de9a94e0af', '46', 2, 1, '2015-11-23 22:44:27'),
(121, 34, '5f7150e7634c23caabdba0de9a94e0af', '46', 0, 1, '2015-11-23 22:45:49'),
(122, 21, '669ceed9e763df502a643749abee6af1', '48', 0, 1, '2015-11-24 00:59:22'),
(123, 50, '382ad734e2531f51d165b320e3892428', '42', 5, 1, '2015-11-24 01:06:16'),
(124, 25, '4aaee4a540326bbd3b4b76b5511d8874', '44', 12, 1, '2015-11-24 10:12:49'),
(125, 20, 'c4db161a64c00a0c5b618d2e45395984', '48', 0, 1, '2015-11-24 12:47:56'),
(126, 50, '9cd7af53abdf64a423ad23ded5142a96', '42', 5, 1, '2015-11-24 12:53:14'),
(127, 58, '9cd7af53abdf64a423ad23ded5142a96', '42', 0, 1, '2015-11-24 12:54:26'),
(128, 50, '9cd7af53abdf64a423ad23ded5142a96', '44', 5, 1, '2015-11-24 12:55:24'),
(129, 19, '59a1b0c35baa7bf7ff35a8ab26e04cba', '44', 0, 1, '2015-11-24 13:17:27'),
(130, 25, '59a1b0c35baa7bf7ff35a8ab26e04cba', '44', 12, 1, '2015-11-24 13:19:11'),
(131, 20, '1a0a430ed3594e68572a0bf91be4ecb8', '42', 0, 1, '2015-11-24 13:51:00'),
(132, 45, '01cddb39ed4adc1f87fa77bd493ec18b', '46', 1, 1, '2015-11-24 14:08:22'),
(134, 43, 'a8b93fe33a6005437a7d14f641416246', '42', 0, 1, '2015-11-24 19:26:59'),
(135, 50, '3bcf1646c81c604a08e42db6da75cdac', '46', 5, 1, '2015-11-24 19:27:26'),
(136, 58, '778073661d3102df4ed16e1a7ac0b673', '42', 0, 1, '2015-11-24 23:14:51'),
(138, 21, 'a1d4dc3902272fd1f05f0281c028ae23', '42', 0, 1, '2015-11-24 23:52:56'),
(139, 21, 'a1d4dc3902272fd1f05f0281c028ae23', '44', 0, 1, '2015-11-24 23:53:08'),
(142, 36, 'b11957b749c1045e89bb91372274d434', '44', 0, 1, '2015-11-25 13:03:59'),
(143, 50, 'b11957b749c1045e89bb91372274d434', '44', 5, 1, '2015-11-25 13:04:24'),
(144, 43, 'b11957b749c1045e89bb91372274d434', '44', 0, 1, '2015-11-25 13:04:44'),
(145, 34, 'b11957b749c1045e89bb91372274d434', '44', 0, 1, '2015-11-25 13:15:18'),
(146, 41, 'b11957b749c1045e89bb91372274d434', '44', 0, 1, '2015-11-25 13:15:51'),
(147, 18, 'b11957b749c1045e89bb91372274d434', '44', 12, 1, '2015-11-25 13:16:21'),
(148, 52, '1de3175a3ece7f902e1a8394747de5d6', '46', 8, 1, '2015-11-25 17:37:12'),
(149, 26, 'a776e43a61c653adec5e97754e1608cb', '42', 12, 1, '2015-11-25 19:45:28'),
(150, 25, 'a776e43a61c653adec5e97754e1608cb', '42', 12, 1, '2015-11-25 19:45:43'),
(151, 28, 'a776e43a61c653adec5e97754e1608cb', '42', 0, 1, '2015-11-25 19:46:05'),
(156, 33, '577f082d3acd8fe65d935e0946576933', '46', 1, 1, '2015-11-26 13:56:34'),
(154, 25, '2bf934b1014aa771fe8abaf5a9e6bf96', '44', 12, 1, '2015-11-25 23:02:03'),
(157, 41, '9364f9ff5bd2a0986c7df91367061f17', '42', 0, 1, '2015-11-26 16:08:49'),
(158, 26, '9364f9ff5bd2a0986c7df91367061f17', '42', 12, 1, '2015-11-26 16:10:59'),
(159, 25, '6c2222a652b1e179ef1d3f83a9e3b5c7', '48', 12, 1, '2015-11-26 16:37:40'),
(160, 26, '62f42a16e1e21e9365772d9e42067a02', '42', 12, 1, '2015-11-26 17:39:17'),
(161, 22, '62f42a16e1e21e9365772d9e42067a02', '42', 2, 1, '2015-11-26 17:39:40'),
(162, 50, '6811b3ba808791965061196f77cb6cc9', '42', 5, 1, '2015-11-26 21:47:46'),
(163, 21, '9177088c67647db110820fd501f82415', '44', 0, 1, '2015-11-27 11:02:15'),
(164, 26, '858a994ac6e3250e1cd5e5704c12a1bb', '46', 12, 1, '2015-11-27 11:15:41'),
(165, 34, '858a994ac6e3250e1cd5e5704c12a1bb', '46', 0, 1, '2015-11-27 11:15:54'),
(166, 44, '858a994ac6e3250e1cd5e5704c12a1bb', '46', 0, 1, '2015-11-27 11:16:20'),
(170, 25, '35c05cb871b2e40ef9730bc39a988113', '42', 12, 1, '2015-11-27 14:43:42'),
(169, 22, '35c05cb871b2e40ef9730bc39a988113', '42', 2, 1, '2015-11-27 14:43:05'),
(171, 22, 'a4cab7fff7c2f0c0460496af481e95f0', '42', 2, 1, '2015-11-27 15:11:05'),
(172, 22, 'a4cab7fff7c2f0c0460496af481e95f0', '42', 2, 1, '2015-11-27 15:13:30'),
(173, 21, '1f11878fe37d444250dc561eb3acdf19', '44', 0, 1, '2015-11-27 15:38:40'),
(174, 32, '1f11878fe37d444250dc561eb3acdf19', '44', 5, 1, '2015-11-27 15:38:45'),
(175, 34, '1f11878fe37d444250dc561eb3acdf19', '44', 0, 1, '2015-11-27 15:38:51'),
(176, 43, '1f11878fe37d444250dc561eb3acdf19', '44', 0, 1, '2015-11-27 15:38:56'),
(177, 50, '1f11878fe37d444250dc561eb3acdf19', '44', 5, 1, '2015-11-27 15:39:00'),
(182, 50, '1ba8be4815722333ca31f48c08123d6e', '42', 5, 1, '2015-11-27 23:42:21'),
(181, 37, '0fb11cb3a919d67bd83561c6c2b43e94', '48', 0, 1, '2015-11-27 22:49:37'),
(180, 25, '0fb11cb3a919d67bd83561c6c2b43e94', '48', 12, 1, '2015-11-27 22:32:01'),
(183, 42, '797d71874ceb299183e3be74a1fc036a', '46', 0, 1, '2015-11-28 11:43:26'),
(184, 50, '539e16e8d280d6bbf3e45387d8a48564', '42', 5, 1, '2015-11-28 13:40:52'),
(185, 45, '8ab3068a2bf961386d68f8c1c913eca1', '42', 1, 1, '2015-11-28 15:23:01'),
(186, 20, '34451f29029c9b67b9ddee421af1a562', '42', 0, 1, '2015-11-28 20:52:15'),
(187, 25, '0d15b58b9129ce51853ea1553204a1a0', '44', 12, 1, '2015-11-28 23:30:19'),
(206, 35, '6f5404427d56e3fb80fab22c050fe06d', '42', 5, 1, '2015-11-29 23:28:41'),
(205, 40, '6f5404427d56e3fb80fab22c050fe06d', '42', 0, 1, '2015-11-29 23:27:56'),
(200, 50, '4cfef86c00f1672b775956147b92a0e5', '42', 5, 1, '2015-11-29 16:55:49'),
(198, 43, 'de5456526022ea7f4168030349be5388', '46', 0, 1, '2015-11-29 13:55:34'),
(197, 50, '641f6c663d5b80e04a5ad704fce2b684', '42', 5, 1, '2015-11-29 12:06:21'),
(196, 50, '641f6c663d5b80e04a5ad704fce2b684', '42', 5, 1, '2015-11-29 12:03:45'),
(207, 50, '6f5404427d56e3fb80fab22c050fe06d', '42', 5, 1, '2015-11-29 23:29:10'),
(209, 17, '4ff1b2454fab270bfc0938c4b8c3e976', '46', 0, 1, '2015-11-30 03:06:04'),
(210, 26, '4ff1b2454fab270bfc0938c4b8c3e976', '46', 12, 1, '2015-11-30 03:06:44'),
(211, 14, '18425f596ad3e34c1905aa3f7661fde9', '44', 5, 1, '2015-11-30 09:27:19'),
(212, 23, '18425f596ad3e34c1905aa3f7661fde9', '44', 5, 1, '2015-11-30 09:28:30'),
(213, 25, 'afe66428c95ae5911c7d54942395ae13', '42', 12, 1, '2015-11-30 10:00:11'),
(215, 18, 'b5a55221db8f35b9172cf4364a522abb', '42', 12, 1, '2015-11-30 14:46:43'),
(216, 22, '92b9ef1de6a39d68aa97a9231ca9e87a', '42', 2, 1, '2015-11-30 17:14:20'),
(217, 25, '92b9ef1de6a39d68aa97a9231ca9e87a', '42', 12, 1, '2015-11-30 17:14:37'),
(221, 25, '79a9d8b21a2e27d0d12b3c077df97653', '46', 12, 1, '2015-11-30 18:19:17'),
(220, 25, '79a9d8b21a2e27d0d12b3c077df97653', '44', 12, 1, '2015-11-30 18:19:14'),
(225, 28, '70ba61d24ef1152d2f29f3ce879698c7', '44', 0, 1, '2015-11-30 18:47:47'),
(224, 28, '70ba61d24ef1152d2f29f3ce879698c7', '44', 0, 1, '2015-11-30 18:47:27'),
(226, 45, 'ftud37fm05j3tjt7gls74cc4a0', '46', 1, 3, '2015-11-30 18:59:54'),
(227, 22, '8eabe92b99c66a8fa86151d94b58a317', '44', 2, 1, '2015-11-30 19:41:48'),
(228, 22, '72b19606dfb8a5010f74f975a7420acc', '46', 2, 1, '2015-11-30 22:34:41'),
(229, 50, 'd59cb92e9eadc82d831f920722dc27d0', '42', 5, 1, '2015-12-01 08:16:11'),
(230, 50, 'd59cb92e9eadc82d831f920722dc27d0', '42', 5, 1, '2015-12-01 08:16:12'),
(239, 22, 'f1c614395de4f72748ab15e8642813f5', '46', 12, 1, '2015-12-01 11:45:02'),
(238, 34, '470be53e5ef148799627e8cef9ea5db5', '42', 0, 1, '2015-12-01 11:38:21'),
(250, 22, 'dabdd073b32829ae4f1acb0b2ece1782', '46', 2, 1, '2015-12-01 14:53:58'),
(245, 25, '6ceced1adf2877c9754bdfb3b3ee5a4b', '44', 12, 1, '2015-12-01 14:30:05'),
(270, 25, 'd4fc446b6029d7bc3a9064e5d4d27d8c', '44', 12, 1, '2015-12-02 16:42:14'),
(269, 42, '35f4f5ee7e193de8da098d96d94926a6', '42', 0, 1, '2015-12-02 16:03:59'),
(268, 28, '0c89722e5ac3455e9dcb67a624fb567c', '48', 0, 1, '2015-12-02 14:06:57'),
(251, 22, '1820946026155a11e8a0ed594d0b0628', '42', 2, 1, '2015-12-01 15:49:59'),
(252, 22, '1820946026155a11e8a0ed594d0b0628', '44', 2, 1, '2015-12-01 15:50:16'),
(253, 28, '1820946026155a11e8a0ed594d0b0628', '42', 0, 1, '2015-12-01 15:50:59'),
(254, 25, '1820946026155a11e8a0ed594d0b0628', '42', 12, 1, '2015-12-01 15:51:41'),
(255, 25, '1820946026155a11e8a0ed594d0b0628', '44', 12, 1, '2015-12-01 15:52:10'),
(256, 34, '1820946026155a11e8a0ed594d0b0628', '44', 0, 1, '2015-12-01 15:53:00'),
(257, 26, '919475cdf7fcffc5a0f1a9bb77c34d08', '42', 12, 1, '2015-12-01 17:00:34'),
(258, 44, '919475cdf7fcffc5a0f1a9bb77c34d08', '42', 0, 1, '2015-12-01 17:01:25'),
(259, 24, '6a14df2ac7574520601ab6e1849bdfcb', '48', 5, 5, '2015-12-01 17:13:39'),
(260, 26, '078972e49d8b698d40112a8630e2f83e', '42', 12, 1, '2015-12-01 17:17:00'),
(261, 50, '52d144b5390ddfa21c061a2997caec94', '42', 5, 1, '2015-12-01 18:01:27'),
(262, 52, '52d144b5390ddfa21c061a2997caec94', '42', 8, 1, '2015-12-01 18:14:59'),
(263, 54, '52d144b5390ddfa21c061a2997caec94', '42', 0, 1, '2015-12-01 18:15:48'),
(264, 44, '06591fdfc2d2f5ee055b471fa2888a38', '42', 0, 1, '2015-12-01 22:06:49'),
(265, 22, '898f7a4f1c744a6178a8b9153d235237', '44', 2, 1, '2015-12-01 23:28:55'),
(266, 22, '14055111e43ac6116cd1309e04bfe94b', '44', 2, 1, '2015-12-02 01:59:46'),
(267, 26, '14055111e43ac6116cd1309e04bfe94b', '44', 12, 1, '2015-12-02 02:03:44'),
(274, 50, '5e5d054bef5e42eef5270c66b9ae8568', '42', 5, 1, '2015-12-02 21:09:44'),
(273, 34, '06205bf34ac1e7e3575898817850682a', '46', 0, 1, '2015-12-02 20:10:33'),
(275, 35, '5e5d054bef5e42eef5270c66b9ae8568', '42', 5, 1, '2015-12-02 21:10:40'),
(279, 32, 'ee7957ee20121a3d08ff37826d10a60f', '42', 5, 1, '2015-12-03 11:36:56'),
(278, 50, '2d76e058d8533ce87f90103f7c5aa73f', '42', 5, 1, '2015-12-03 11:08:52'),
(280, 50, 'ee7957ee20121a3d08ff37826d10a60f', '42', 5, 1, '2015-12-03 11:37:27'),
(281, 25, 'b1a6636139abc39175562cfaaaa6c767', '44', 12, 1, '2015-12-03 15:26:30'),
(282, 45, '6bfe9f5307626dfc4b61c250219488f1', '42', 1, 1, '2015-12-03 15:52:36'),
(283, 43, 'a16ba9b1c92d9cd55dd982661331d1f2', '42', 0, 1, '2015-12-03 16:20:16'),
(284, 42, 'a16ba9b1c92d9cd55dd982661331d1f2', '42', 0, 1, '2015-12-03 16:20:35'),
(285, 25, 'a16ba9b1c92d9cd55dd982661331d1f2', '42', 12, 1, '2015-12-03 16:22:15'),
(286, 51, '388419a5c107b4d08745bf917efe7df7', '42', 0, 1, '2015-12-03 16:28:17'),
(287, 22, 'b5f7775e9edd9950f7760cb46dd5c004', '42', 2, 1, '2015-12-03 18:18:37'),
(289, 35, '9aee4379f63a84f5edd1719fabfc65d9', '42', 5, 1, '2015-12-03 22:22:36'),
(293, 26, '8dbb9f3b1752e8d6bd6f407c5dc747be', '42', 12, 1, '2015-12-03 23:10:24'),
(292, 41, '8dbb9f3b1752e8d6bd6f407c5dc747be', '42', 0, 1, '2015-12-03 23:10:07'),
(294, 32, '8dbb9f3b1752e8d6bd6f407c5dc747be', '42', 5, 1, '2015-12-03 23:10:43'),
(299, 50, '934717dcbac93e4775a3b697d03ba214', '42', 5, 1, '2015-12-04 00:52:02'),
(296, 34, '8dbb9f3b1752e8d6bd6f407c5dc747be', '42', 0, 1, '2015-12-03 23:10:52'),
(297, 57, '8dbb9f3b1752e8d6bd6f407c5dc747be', '42', 0, 1, '2015-12-03 23:11:29'),
(298, 50, '8dbb9f3b1752e8d6bd6f407c5dc747be', '42', 5, 1, '2015-12-03 23:11:45'),
(300, 34, '7a414b50166b2fb52213c86015d3a725', '48', 0, 1, '2015-12-04 11:49:35'),
(301, 34, '7a414b50166b2fb52213c86015d3a725', '48', 0, 1, '2015-12-04 11:49:47'),
(302, 50, '7a414b50166b2fb52213c86015d3a725', '48', 5, 1, '2015-12-04 11:50:27'),
(303, 54, '88318a3117cc3f23b7842144a621a746', '42', 0, 1, '2015-12-04 14:48:56'),
(304, 35, '88318a3117cc3f23b7842144a621a746', '42', 5, 1, '2015-12-04 14:50:40'),
(315, 42, 'caf38afe009aef8d4e120c17f8dd8939', '42', 0, 1, '2015-12-04 21:48:42'),
(307, 45, '96db713e4d74e4f81514a60cdc135177', '42', 1, 1, '2015-12-04 18:24:51'),
(314, 51, 'caf38afe009aef8d4e120c17f8dd8939', '42', 0, 1, '2015-12-04 21:47:46'),
(313, 41, 'caf38afe009aef8d4e120c17f8dd8939', '42', 0, 1, '2015-12-04 21:46:37'),
(312, 57, 'caf38afe009aef8d4e120c17f8dd8939', '42', 0, 1, '2015-12-04 21:46:13'),
(316, 24, '4759172db28c1144a12b11bef6c800e3', '42', 5, 1, '2015-12-04 22:41:59'),
(317, 22, '8cb574c49fe4bdcc210702fd50f5deb2', '42', 2, 1, '2015-12-05 08:35:52'),
(318, 27, '138358b94f706d66c3d3aa252123162c', '42', 5, 1, '2015-12-05 08:37:38'),
(319, 22, '0312a658bf490f1e9a81063d2aa0f2ee', '44', 2, 1, '2015-12-05 10:20:08'),
(320, 50, '5b09f9f5f347f8ded302ac5d2440512d', '48', 5, 1, '2015-12-05 11:07:58'),
(321, 34, 'b4f4b378a0ff9fb40cd9ac5cc26bfc63', '42', 0, 1, '2015-12-05 19:07:07'),
(322, 23, '6a480e3b8c4e81007ceb1cc2fed7f6e1', '42', 5, 1, '2015-12-05 22:17:23'),
(324, 26, '81acb5b4a9d032ed1688019bd4556ce8', '42', 12, 1, '2015-12-06 19:37:54'),
(325, 50, 'a43aeee238181ec6196c6c2fb439b59a', '42', 5, 1, '2015-12-06 23:53:43'),
(326, 50, 'a43aeee238181ec6196c6c2fb439b59a', '44', 5, 1, '2015-12-06 23:53:55'),
(327, 41, 'ef4ac5b596ba34565835adb1dacb215f', '48', 0, 1, '2015-12-07 00:12:22'),
(329, 22, '66b9f68fef8571793e8a66b975f8d4fd', '42', 2, 1, '2015-12-07 11:37:55'),
(330, 22, '66b9f68fef8571793e8a66b975f8d4fd', '44', 2, 1, '2015-12-07 11:38:01'),
(334, 50, 'dfd450e1e99cddbfb230c45b1f605ca0', '42', 5, 1, '2015-12-07 20:32:45'),
(333, 25, '60b67d323b4f19bf026c8b15133a723b', '46', 12, 1, '2015-12-07 19:28:22'),
(340, 43, 'a9a828d2dceca7919b3bff1feda733e4', '42', 0, 1, '2015-12-08 00:19:15'),
(339, 25, 'a9a828d2dceca7919b3bff1feda733e4', '42', 12, 1, '2015-12-08 00:18:19'),
(338, 43, 'a9a828d2dceca7919b3bff1feda733e4', '42', 0, 1, '2015-12-08 00:17:29'),
(346, 66, 'fad643344918a1e4a67b58a383079b86', '42', 10, 1, '2015-12-09 06:31:42'),
(344, 34, 'b6fe26a06a5e985d45fb99f8b347afb8', '44', 0, 1, '2015-12-08 19:46:58'),
(348, 27, '7cc28fd8285c413650804869f8c1d7aa', '42', 5, 1, '2015-12-09 11:11:35'),
(353, 27, '7cc28fd8285c413650804869f8c1d7aa', '44', 5, 1, '2015-12-09 11:13:24'),
(350, 22, '7cc28fd8285c413650804869f8c1d7aa', '42', 2, 1, '2015-12-09 11:12:20'),
(351, 22, '7cc28fd8285c413650804869f8c1d7aa', '44', 2, 1, '2015-12-09 11:12:25'),
(365, 35, '682200d55bde2b935f6d736cbc1b6c71', '44', 5, 1, '2015-12-10 10:58:49'),
(364, 18, '682200d55bde2b935f6d736cbc1b6c71', '44', 12, 1, '2015-12-10 10:58:31'),
(363, 67, '682200d55bde2b935f6d736cbc1b6c71', '42', 5, 1, '2015-12-10 10:56:41'),
(366, 36, '682200d55bde2b935f6d736cbc1b6c71', '44', 0, 1, '2015-12-10 10:58:55'),
(367, 44, '682200d55bde2b935f6d736cbc1b6c71', '44', 0, 1, '2015-12-10 10:59:12'),
(368, 61, '682200d55bde2b935f6d736cbc1b6c71', '44', 12, 1, '2015-12-10 11:00:06'),
(374, 43, '0376cc2c2fd86c1e02c85b9c3056cdf3', '42', 0, 1, '2015-12-10 15:50:26'),
(370, 25, 'f2a09896ab21b4878ae1f54fade70044', '42', 12, 1, '2015-12-10 14:52:59'),
(373, 35, '0376cc2c2fd86c1e02c85b9c3056cdf3', '42', 5, 1, '2015-12-10 15:50:10'),
(372, 26, '0376cc2c2fd86c1e02c85b9c3056cdf3', '42', 12, 1, '2015-12-10 15:49:53'),
(382, 67, '4c5305abcd0e423244d020e2edd8160d', '42', 5, 1, '2015-12-10 20:28:19'),
(376, 23, '0376cc2c2fd86c1e02c85b9c3056cdf3', '42', 5, 1, '2015-12-10 15:51:54'),
(381, 31, '5431135fc52ab345b1f8a24503da8bec', '42', 0, 1, '2015-12-10 19:35:25'),
(378, 50, 'f2a09896ab21b4878ae1f54fade70044', '42', 5, 1, '2015-12-10 15:57:08'),
(380, 20, '9648d3e760f9926383e2ca83e2e820d8', '48', 0, 1, '2015-12-10 16:26:42'),
(383, 67, '4c5305abcd0e423244d020e2edd8160d', '44', 5, 1, '2015-12-10 20:28:24'),
(384, 57, 'ba5fa1d628de3c132585a0f743df01da', '44', 0, 1, '2015-12-10 22:08:17'),
(385, 26, 'd9ac8a3380d207b374c0f0c132a02873', '42', 12, 1, '2015-12-10 23:19:05'),
(386, 50, '61ba1d22859206f7b6f0759397192a3d', '42', 5, 1, '2015-12-11 00:24:58'),
(387, 52, '1d1694b3bedd95ea8b7eafce17cb0d4a', '44', 8, 1, '2015-12-11 09:55:05'),
(388, 34, '1d1694b3bedd95ea8b7eafce17cb0d4a', '44', 0, 1, '2015-12-11 09:56:02'),
(389, 27, '1d1694b3bedd95ea8b7eafce17cb0d4a', '44', 9, 1, '2015-12-11 09:56:37'),
(390, 25, 'a44fa975beae5c76e38af015168cd0bb', '44', 12, 1, '2015-12-11 13:22:16'),
(391, 76, 'f6928c9e3e5ccb036b9b9578b92d6107', '42', 0, 1, '2015-12-11 13:30:45'),
(392, 25, '9669db40d9462192a903851a3522facd', '48', 12, 1, '2015-12-11 15:16:15'),
(393, 77, 'f949e82c8d165d6a777b5a9b47f44abb', '42', 1, 1, '2015-12-11 17:38:07'),
(410, 20, '9f0d40c1090d9d810f112bc612e8131a', '42', 0, 1, '2015-12-13 11:21:45'),
(402, 25, '1573549307e3af2d296550864f008161', '44', 12, 1, '2015-12-12 23:55:45'),
(401, 26, '1573549307e3af2d296550864f008161', '44', 12, 1, '2015-12-12 23:55:20'),
(404, 42, 'dafc3dbba0ee1ac800465efde391db03', '44', 0, 1, '2015-12-13 00:00:23'),
(405, 26, 'dafc3dbba0ee1ac800465efde391db03', '44', 12, 1, '2015-12-13 00:00:33'),
(406, 57, 'dafc3dbba0ee1ac800465efde391db03', '44', 0, 1, '2015-12-13 00:02:02'),
(409, 68, 'c2ee992d045b23f40bc4357ef207c257', '42', 5, 1, '2015-12-13 00:04:20'),
(408, 40, 'dafc3dbba0ee1ac800465efde391db03', '44', 0, 1, '2015-12-13 00:02:34'),
(411, 52, '9f0d40c1090d9d810f112bc612e8131a', '42', 8, 1, '2015-12-13 11:22:48'),
(414, 18, '0a15b5146ff3bb70bd09df3521181c5b', '44', 12, 1, '2015-12-13 17:07:47'),
(419, 41, '25899446077d64b61d59ec85058e7915', '42', 0, 1, '2015-12-14 00:31:55'),
(418, 76, '25899446077d64b61d59ec85058e7915', '42', 0, 1, '2015-12-14 00:29:38'),
(601, 92, '32dfd7f4042d698113080bcced82d749', '42', 12, 1, '2015-12-22 09:00:41'),
(425, 80, '4a6eeed30d6fa694d247d0d08fd86c29', '46', 0, 1, '2015-12-14 11:04:40'),
(424, 21, 'f3d17747bfff258461fc30d0cb8b71c8', '44', 0, 1, '2015-12-14 07:58:42'),
(432, 33, '19a8fe328fa510aee116129dd589bd7a', '48', 1, 1, '2015-12-14 15:55:39'),
(431, 77, '19a8fe328fa510aee116129dd589bd7a', '46', 1, 1, '2015-12-14 15:55:02'),
(429, 26, '03bb7e0c4bb6cbed9d43fb8c364f7877', '44', 12, 1, '2015-12-14 12:13:53'),
(433, 40, 'fdf2758df776ffcaba7155261cc42d28', '42', 0, 1, '2015-12-14 15:57:49'),
(434, 77, '7326ff531f0459011d4d07aee88feb41', '44', 1, 1, '2015-12-14 16:25:16'),
(435, 67, 'f946f6373238beebbfaaccc7b8163ef1', '42', 5, 1, '2015-12-14 17:18:00'),
(438, 46, '3154e63ddd3cd6c258a78653e3ed20b6', '42', 5, 1, '2015-12-14 21:41:41'),
(439, 68, '7f77781a094f21af7c0e5a0eed04849f', '42', 5, 1, '2015-12-14 22:35:03'),
(440, 67, '57e01e15d78506ea29b7db18be9697f6', '46', 5, 3, '2015-12-14 23:07:00'),
(466, 76, 'cffe19dcfc02fc58e26ad4e8d229979b', '44', 0, 1, '2015-12-16 01:15:43'),
(442, 34, '94cf57a1965b87dff808261271166d0a', '44', 0, 1, '2015-12-15 00:06:27'),
(444, 25, '66b9f68fef8571793e8a66b975f8d4fd', '42', 12, 1, '2015-12-15 11:50:32'),
(445, 80, '0e6953a6b579964df5c05443af03eb53', '44', 0, 1, '2015-12-15 12:30:14'),
(446, 25, 'aceeeaac0ae261304c01dab753cab9fc', '44', 12, 1, '2015-12-15 15:48:35'),
(447, 36, 'b93eb0a4190c881db77d1d18803ef8af', '42', 0, 1, '2015-12-15 19:00:53'),
(451, 54, 'b93eb0a4190c881db77d1d18803ef8af', '42', 0, 1, '2015-12-15 19:02:58'),
(452, 39, 'b93eb0a4190c881db77d1d18803ef8af', '42', 13, 1, '2015-12-15 19:03:59'),
(450, 36, 'b93eb0a4190c881db77d1d18803ef8af', '44', 0, 1, '2015-12-15 19:01:05'),
(454, 44, 'd5cbe9edb8ef07b6232bb3de3b2b5098', '42', 0, 1, '2015-12-15 22:45:11'),
(467, 14, '16d7c5039b700bd0cde69435d7720d4f', '46', 5, 1, '2015-12-16 06:55:17'),
(465, 24, 'cffe19dcfc02fc58e26ad4e8d229979b', '46', 5, 1, '2015-12-16 01:13:55'),
(464, 24, 'cffe19dcfc02fc58e26ad4e8d229979b', '44', 5, 1, '2015-12-16 01:13:51'),
(463, 77, 'd1cef5c79075c5dc4863a1196a815a98', '44', 1, 1, '2015-12-15 23:23:22'),
(462, 50, 'd1cef5c79075c5dc4863a1196a815a98', '46', 5, 1, '2015-12-15 23:21:53'),
(468, 25, '84e005404787991a1527be09c2bbb349', '46', 12, 1, '2015-12-16 09:01:06'),
(469, 80, '4a53f6aa5dfd22d1e8bc3919072b4a23', '42', 0, 1, '2015-12-16 09:38:56'),
(470, 17, '4a53f6aa5dfd22d1e8bc3919072b4a23', '44', 0, 1, '2015-12-16 09:40:04'),
(471, 25, '4a53f6aa5dfd22d1e8bc3919072b4a23', '44', 12, 1, '2015-12-16 09:41:04'),
(472, 26, '4a53f6aa5dfd22d1e8bc3919072b4a23', '44', 12, 1, '2015-12-16 09:41:21'),
(473, 34, '4a53f6aa5dfd22d1e8bc3919072b4a23', '44', 0, 1, '2015-12-16 09:42:05'),
(474, 80, '8d95658f91e99b3de22b055b118a6fc6', '42', 0, 1, '2015-12-16 09:45:30'),
(475, 25, '8d95658f91e99b3de22b055b118a6fc6', '44', 12, 1, '2015-12-16 09:45:53'),
(476, 26, '8d95658f91e99b3de22b055b118a6fc6', '44', 12, 1, '2015-12-16 09:46:07'),
(477, 34, '8d95658f91e99b3de22b055b118a6fc6', '44', 0, 1, '2015-12-16 09:46:33'),
(478, 25, 'b84e2812e657469b78539abcebdb4865', '46', 12, 1, '2015-12-16 10:08:44'),
(479, 17, 'e691c90eb924722bf755a63e31c3c8a5', '42', 0, 1, '2015-12-16 11:28:06'),
(480, 22, 'e691c90eb924722bf755a63e31c3c8a5', '42', 12, 1, '2015-12-16 11:29:10'),
(481, 44, 'b9c15ef383e609e7fd634f16b0a5d626', '42', 0, 1, '2015-12-16 12:34:07'),
(482, 43, 'b9c15ef383e609e7fd634f16b0a5d626', '42', 0, 1, '2015-12-16 12:34:17'),
(483, 26, 'b9c15ef383e609e7fd634f16b0a5d626', '42', 12, 1, '2015-12-16 12:34:50'),
(484, 21, 'bd9d04a195a10468b814b1c488cded8a', '46', 0, 1, '2015-12-16 13:07:49'),
(485, 21, 'bd9d04a195a10468b814b1c488cded8a', '48', 0, 1, '2015-12-16 13:07:55'),
(486, 43, 'bd9d04a195a10468b814b1c488cded8a', '48', 0, 1, '2015-12-16 13:08:53'),
(487, 45, 'eab22b4b46f847d9a7cf86fbe1664559', '44', 1, 1, '2015-12-16 13:18:22'),
(488, 17, 'eab22b4b46f847d9a7cf86fbe1664559', '44', 0, 1, '2015-12-16 13:18:38'),
(500, 34, '80231e555984aaff033d1b9e24881119', '42', 0, 1, '2015-12-16 15:46:22'),
(490, 41, 'eab22b4b46f847d9a7cf86fbe1664559', '44', 0, 1, '2015-12-16 13:19:02'),
(491, 63, 'eab22b4b46f847d9a7cf86fbe1664559', '44', 2, 1, '2015-12-16 13:19:17'),
(498, 51, '2693b5a53dd11b46b1911735ebc96ea1', '46', 0, 1, '2015-12-16 14:30:44'),
(493, 33, 'eab22b4b46f847d9a7cf86fbe1664559', '44', 1, 1, '2015-12-16 13:20:49'),
(494, 57, 'eab22b4b46f847d9a7cf86fbe1664559', '44', 0, 1, '2015-12-16 13:21:35'),
(495, 42, 'eab22b4b46f847d9a7cf86fbe1664559', '44', 0, 1, '2015-12-16 13:22:19'),
(496, 28, 'eab22b4b46f847d9a7cf86fbe1664559', '44', 0, 1, '2015-12-16 13:23:17'),
(497, 20, 'eab22b4b46f847d9a7cf86fbe1664559', '44', 0, 1, '2015-12-16 13:25:23'),
(512, 26, '3a23358785fe365ef0db50cfc670e305', '44', 12, 1, '2015-12-16 22:35:23'),
(511, 51, '3a23358785fe365ef0db50cfc670e305', '44', 0, 1, '2015-12-16 22:34:08'),
(510, 34, '20fc2eb4f078b4394a18ebdd1fecc642', '42', 0, 1, '2015-12-16 19:10:19'),
(509, 21, '20fc2eb4f078b4394a18ebdd1fecc642', '42', 0, 1, '2015-12-16 19:09:09'),
(508, 21, '20fc2eb4f078b4394a18ebdd1fecc642', '42', 0, 1, '2015-12-16 19:09:03'),
(516, 19, 'aab05e91cbede66b29ca9e3686e3b155', '44', 0, 1, '2015-12-17 00:25:24'),
(515, 66, 'aab05e91cbede66b29ca9e3686e3b155', '44', 0, 1, '2015-12-17 00:22:34'),
(518, 26, 'b5567a6e3d479ade4af0ce633eab2822', '44', 12, 1, '2015-12-17 21:16:33'),
(519, 25, 'b5567a6e3d479ade4af0ce633eab2822', '44', 12, 1, '2015-12-17 21:16:47'),
(520, 76, '12e79faa491a3341f791934bd95e4db2', '42', 0, 1, '2015-12-17 22:10:02'),
(521, 66, '6bf6044679c13ac6bcb0db781208925f', '46', 0, 1, '2015-12-17 23:36:49'),
(522, 66, '6bf6044679c13ac6bcb0db781208925f', '44', 0, 1, '2015-12-17 23:36:55'),
(523, 17, '3b057a038b57f8361f2951d510b392da', '42', 0, 1, '2015-12-18 13:23:00'),
(524, 76, '8f774d67372fa90a8d8794b1bd45df34', '48', 0, 1, '2015-12-18 13:46:38'),
(525, 76, '4952954561da3b0375bc97883e72c2fe', '46', 0, 1, '2015-12-18 14:19:17'),
(526, 76, '4952954561da3b0375bc97883e72c2fe', '48', 0, 1, '2015-12-18 14:19:42'),
(527, 42, '9ed0020b1d0d430997e38b0fe2280fcf', '42', 0, 1, '2015-12-18 16:25:03'),
(529, 68, '2ec62770be6fae0990b297fa7c54e51d', '42', 5, 1, '2015-12-18 18:31:24'),
(530, 76, '2ec62770be6fae0990b297fa7c54e51d', '42', 0, 1, '2015-12-18 18:32:00'),
(531, 40, '2ec62770be6fae0990b297fa7c54e51d', '42', 0, 1, '2015-12-18 18:32:46'),
(541, 27, '87651a7b3db924a5be2bc53a6dbaa020', '42', 5, 1, '2015-12-19 15:44:22'),
(533, 45, '6464a7ae76e80fab1093dc13f93515f9', '42', 1, 1, '2015-12-18 19:39:05'),
(540, 51, 'b95ef44903ac6bbac96ab23e73fee641', '44', 0, 1, '2015-12-19 09:42:15'),
(539, 77, 'b95ef44903ac6bbac96ab23e73fee641', '44', 1, 1, '2015-12-19 09:39:49'),
(542, 27, '87651a7b3db924a5be2bc53a6dbaa020', '44', 5, 1, '2015-12-19 15:44:25'),
(543, 52, '52acb6bcb0a7a091aa0e42abe79bac6b', '42', 8, 1, '2015-12-19 16:25:28'),
(547, 27, '4976eed867e7a9f246536b1841572061', '44', 9, 1, '2015-12-19 23:43:14'),
(546, 20, 'f6c3bf5f41b24c4e6fbc8ced5cfe5b1c', '42', 0, 1, '2015-12-19 22:45:08'),
(548, 68, 'd106a850ef46cb8ffbbf5b9a16de8ff5', '42', 5, 1, '2015-12-20 09:55:34'),
(552, 17, '24b814a3154bd2b029279d12917642b7', '42', 0, 1, '2015-12-20 18:11:23'),
(551, 77, '24b814a3154bd2b029279d12917642b7', '42', 1, 1, '2015-12-20 18:10:35'),
(553, 20, '24b814a3154bd2b029279d12917642b7', '42', 0, 1, '2015-12-20 18:12:03'),
(554, 22, '24b814a3154bd2b029279d12917642b7', '42', 2, 1, '2015-12-20 18:12:37'),
(555, 26, '24b814a3154bd2b029279d12917642b7', '42', 12, 1, '2015-12-20 18:13:06'),
(556, 25, '24b814a3154bd2b029279d12917642b7', '42', 12, 1, '2015-12-20 18:13:26'),
(560, 34, '1a86988dcd3615e53854c96de2edb63a', '46', 0, 1, '2015-12-20 21:19:27'),
(561, 51, 'a0be0bf2b6232b529f6635f9308dcc0d', '42', 0, 1, '2015-12-20 22:16:52'),
(562, 22, 'a0be0bf2b6232b529f6635f9308dcc0d', '42', 2, 1, '2015-12-20 22:17:22'),
(563, 25, 'a0be0bf2b6232b529f6635f9308dcc0d', '42', 12, 1, '2015-12-20 22:17:53'),
(564, 27, 'a0be0bf2b6232b529f6635f9308dcc0d', '42', 9, 1, '2015-12-20 22:18:25'),
(577, 43, '544810f8c8e36d29cc883417a0a035ff', '42', 0, 1, '2015-12-20 22:40:47'),
(566, 43, 'a0be0bf2b6232b529f6635f9308dcc0d', '42', 0, 1, '2015-12-20 22:20:56'),
(576, 34, '544810f8c8e36d29cc883417a0a035ff', '42', 0, 1, '2015-12-20 22:40:39'),
(575, 25, '544810f8c8e36d29cc883417a0a035ff', '42', 12, 1, '2015-12-20 22:40:24'),
(574, 22, '544810f8c8e36d29cc883417a0a035ff', '42', 2, 1, '2015-12-20 22:40:17'),
(573, 51, '544810f8c8e36d29cc883417a0a035ff', '42', 0, 1, '2015-12-20 22:40:09'),
(578, 44, '544810f8c8e36d29cc883417a0a035ff', '42', 0, 1, '2015-12-20 22:40:53'),
(579, 50, '5c379b0c23c35099fe8874d1aaaad849', '42', 5, 1, '2015-12-20 22:41:59'),
(580, 57, '25fb60cfdcbabdd92a26edcbb9587fbd', '42', 0, 1, '2015-12-20 22:50:43'),
(581, 20, 'd4aa51c1d0ffc7f46033e6a8ca2a1aea', '46', 0, 1, '2015-12-21 01:17:14'),
(582, 67, '6c7d67a1798f20cc69869044ae26b31b', '42', 5, 1, '2015-12-21 07:19:47'),
(589, 14, 'e8e68b2d9b67c292f255afba0e2e9017', '48', 5, 1, '2015-12-21 18:59:45'),
(588, 23, 'e8e68b2d9b67c292f255afba0e2e9017', '48', 0, 1, '2015-12-21 18:59:16'),
(587, 76, '4b5bf689cac694d0c7bb05cdd75fc79a', '42', 0, 1, '2015-12-21 17:24:18'),
(586, 58, '20907baa9ff43c565bdd1f6e372d9365', '42', 0, 1, '2015-12-21 12:28:33'),
(606, 129, 'a2d9dffea3e86238e950f4f7cb3faa11', '42', 0, 1, '2015-12-22 16:42:21'),
(605, 138, 'a2d9dffea3e86238e950f4f7cb3faa11', '42', 0, 1, '2015-12-22 16:40:25'),
(603, 133, 'a2d9dffea3e86238e950f4f7cb3faa11', '42', 0, 1, '2015-12-22 16:39:25'),
(604, 137, 'a2d9dffea3e86238e950f4f7cb3faa11', '42', 2, 1, '2015-12-22 16:40:04'),
(602, 133, '9e1fabfb6bca069c4a910d53361e2d50', '44', 0, 1, '2015-12-22 15:50:21'),
(607, 95, '29ec4ef1126644c28a0575cf0abee76d', '44', 0, 1, '2015-12-22 18:02:38'),
(630, 88, '98832ce6d24265de30499172d96c970b', '42', 0, 1, '2015-12-23 10:06:58'),
(612, 151, '1f03f6b114c144fd8422e6d36af37b11', '44', 0, 1, '2015-12-22 20:07:13'),
(611, 140, '1f03f6b114c144fd8422e6d36af37b11', '44', 5, 1, '2015-12-22 20:06:40'),
(631, 87, '98832ce6d24265de30499172d96c970b', '42', 0, 1, '2015-12-23 10:07:08'),
(619, 85, '9a1f87a615e73b111a64dac200a1caa4', '42', 0, 1, '2015-12-22 23:16:33'),
(628, 20, '98832ce6d24265de30499172d96c970b', '42', 0, 1, '2015-12-23 10:04:08'),
(629, 57, '98832ce6d24265de30499172d96c970b', '42', 0, 1, '2015-12-23 10:06:02'),
(637, 87, '9860abfea9ecc4596fb589b92a1236a9', '42', 0, 1, '2015-12-23 15:57:55'),
(636, 88, '9860abfea9ecc4596fb589b92a1236a9', '42', 0, 1, '2015-12-23 15:57:43'),
(635, 154, '9860abfea9ecc4596fb589b92a1236a9', '42', 0, 1, '2015-12-23 15:56:26'),
(638, 33, '9860abfea9ecc4596fb589b92a1236a9', '42', 0, 1, '2015-12-23 15:58:35'),
(641, 25, '27bd6c09e013a86e59610521d3816665', '42', 0, 1, '2015-12-23 17:38:56'),
(640, 95, '9860abfea9ecc4596fb589b92a1236a9', '42', 0, 1, '2015-12-23 15:59:07'),
(642, 26, '27bd6c09e013a86e59610521d3816665', '42', 0, 1, '2015-12-23 17:40:55'),
(643, 28, '27bd6c09e013a86e59610521d3816665', '42', 0, 1, '2015-12-23 17:42:34'),
(644, 42, '27bd6c09e013a86e59610521d3816665', '42', 0, 1, '2015-12-23 17:43:12'),
(646, 26, '3cac9dfcef99002042b3d4123fc94a24', '42', 0, 1, '2015-12-24 01:05:35'),
(650, 40, '8d630a5a93f71f4560d0bec60fe90cb6', '44', 0, 1, '2015-12-24 18:27:01'),
(651, 34, '8d630a5a93f71f4560d0bec60fe90cb6', '44', 0, 1, '2015-12-24 18:28:06'),
(652, 105, '8d630a5a93f71f4560d0bec60fe90cb6', '44', 0, 1, '2015-12-24 18:29:49'),
(655, 22, 'e622c54cf830edee0f2b1b3c02d509ba', '42', 2, 1, '2015-12-25 01:18:36'),
(654, 105, 'be678981853a0b51605f4e68d983af1a', '46', 0, 1, '2015-12-24 22:17:28'),
(656, 21, '2bf28c674b019ccc58e66cedca4c2f93', '42', 0, 1, '2015-12-25 14:01:49'),
(657, 50, '2bf28c674b019ccc58e66cedca4c2f93', '42', 0, 1, '2015-12-25 14:03:06'),
(658, 99, '2bf28c674b019ccc58e66cedca4c2f93', '42', 0, 1, '2015-12-25 14:03:23'),
(659, 100, '2bf28c674b019ccc58e66cedca4c2f93', '42', 0, 1, '2015-12-25 14:03:29'),
(664, 136, 'e3b074e28287949f879f8a0329c580e5', '42', 0, 1, '2015-12-25 14:50:02'),
(665, 152, 'e3b074e28287949f879f8a0329c580e5', '42', 0, 1, '2015-12-25 14:50:27'),
(666, 154, 'e3b074e28287949f879f8a0329c580e5', '42', 0, 1, '2015-12-25 14:50:47'),
(667, 105, 'd5d540e3cdc54a19880d2a842e2e7931', '46', 0, 1, '2015-12-25 18:15:22'),
(668, 150, '692e659f18ece55ed76916af3cca8dcc', '42', 5, 1, '2015-12-25 21:02:20'),
(676, 14, 'a340fe23f88845cedbf6478c18c8e1d9', '42', 5, 1, '2015-12-26 09:35:30'),
(675, 23, 'a340fe23f88845cedbf6478c18c8e1d9', '42', 0, 1, '2015-12-26 09:34:24'),
(674, 128, '1722aeb74fec85edb308298c4bb7631e', '44', 0, 1, '2015-12-25 23:44:08'),
(682, 146, 'df6989ce9eca688c66f1598aad261270', '42', 0, 1, '2015-12-26 13:21:04'),
(684, 132, '72a650e3115d5bdf8e05ea1adb18a665', '42', 0, 2, '2015-12-26 15:50:09'),
(696, 95, 'f54d300b0839bfe6576508e9402b1907', '42', 0, 1, '2015-12-27 02:50:08'),
(708, 22, 'dee27813b944c01f3d6929fca711e44d', '42', 2, 1, '2015-12-27 19:32:29'),
(694, 34, '2950eccc7326469f016177560b7686c6', '42', 0, 1, '2015-12-27 00:44:07'),
(693, 153, '92458ad6edf378d22a5ac1a56618c84a', '42', 0, 1, '2015-12-27 00:11:07'),
(692, 85, '416675bdc91bb3192491e0b251ff1f56', '44', 0, 1, '2015-12-26 23:32:56'),
(691, 26, '8fba11156b1fd872bcfcdabd6a5eb5bd', '46', 0, 1, '2015-12-26 22:35:15'),
(702, 138, '80443c21cd22b275dacbd1e6d7323073', '44', 0, 1, '2015-12-27 17:57:14'),
(703, 83, '80443c21cd22b275dacbd1e6d7323073', '44', 12, 1, '2015-12-27 17:57:47'),
(707, 89, 'dee27813b944c01f3d6929fca711e44d', '42', 0, 1, '2015-12-27 19:29:55'),
(709, 35, 'dee27813b944c01f3d6929fca711e44d', '42', 0, 1, '2015-12-27 19:33:18'),
(710, 112, 'dee27813b944c01f3d6929fca711e44d', '42', 0, 1, '2015-12-27 19:34:37'),
(711, 136, 'd80ebb08e0c7e1f23b0329603033c6c5', '42', 0, 1, '2015-12-28 10:18:16'),
(712, 150, '1d6d605989dfc012a390266d28fbdb64', '48', 0, 1, '2015-12-28 10:27:31'),
(717, 115, '37f6d2746c7e0cdb766f36c3f9507dc6', '44', 13, 1, '2015-12-28 21:33:29'),
(718, 22, 'd9144737731b3a078dde4e8b0eb1612e', '42', 2, 1, '2015-12-28 22:26:42'),
(719, 43, '6523d1c75af745488fd71fc7fcbacf83', '42', 0, 1, '2015-12-28 23:06:06'),
(720, 73, 'fb9c43aa3b8739435fb0e1d17b45065c', '42', 13, 1, '2015-12-28 23:48:23'),
(721, 139, '826b238948e533e6639123785e38b008', '44', 0, 1, '2015-12-29 11:23:10'),
(728, 108, 'b5a8116885c24d838805769a71af7f34', '46', 5, 1, '2015-12-29 21:07:14'),
(727, 108, '0e3ecdc9cb4d6a5b531f13b9cfad97f2', '42', 5, 1, '2015-12-29 19:50:32'),
(729, 146, 'f9083decf7cc606596053843b3312463', '42', 5, 1, '2015-12-30 00:26:39'),
(730, 26, 'bec1924a12a567b55c67f49beb4d7d57', '42', 12, 1, '2015-12-30 15:06:59'),
(731, 118, '2d45f2f3b8df939a8cfeaa612f8f1f23', '48', 2, 1, '2015-12-30 20:18:33'),
(732, 122, '2d45f2f3b8df939a8cfeaa612f8f1f23', '48', 12, 1, '2015-12-30 20:19:34'),
(733, 133, '2d45f2f3b8df939a8cfeaa612f8f1f23', '48', 5, 1, '2015-12-30 20:20:52'),
(734, 152, 'aa9f049aaa26045ba8cf64e5364e1078', '44', 5, 1, '2016-01-03 15:56:27'),
(735, 136, '2e0284c2764bd625dffee4eca19e4145', '46', 5, 1, '2016-01-03 21:59:46'),
(736, 34, '5ef4155ade5ff46e64167bd45ead03f1', '44', 5, 1, '2016-01-03 23:18:47'),
(737, 50, '5ef4155ade5ff46e64167bd45ead03f1', '44', 5, 1, '2016-01-03 23:19:22'),
(738, 40, '5ef4155ade5ff46e64167bd45ead03f1', '44', 2, 1, '2016-01-03 23:20:12'),
(743, 88, '892ec8fd4d1590205ac67c9debd5cfc1', '42', 10, 1, '2016-01-04 00:28:03'),
(740, 105, '5ef4155ade5ff46e64167bd45ead03f1', '44', 2, 1, '2016-01-03 23:22:14'),
(742, 25, '26a97939dda704db70b8da9150067946', '42', 12, 1, '2016-01-03 23:26:26'),
(744, 99, '892ec8fd4d1590205ac67c9debd5cfc1', '42', 5, 1, '2016-01-04 00:30:43'),
(745, 96, '892ec8fd4d1590205ac67c9debd5cfc1', '42', 5, 1, '2016-01-04 00:31:03'),
(746, 25, '10336c75bef84ad9b531f870ae09f353', '46', 12, 1, '2016-01-04 15:37:27'),
(747, 29, '10336c75bef84ad9b531f870ae09f353', '46', 12, 1, '2016-01-04 15:38:10'),
(748, 96, '83f70c4de503247ced5263fedb5c0aec', '44', 5, 1, '2016-01-04 22:26:50'),
(753, 96, '3a7eec583b29467ca4fdfdfe4de2d765', '42', 5, 1, '2016-01-05 13:04:35'),
(750, 96, '64b33a5cb26cde8ba342ea605aca4ceb', '42', 5, 1, '2016-01-05 00:06:21'),
(752, 43, 'df76bf1b0dded1d8e205967ccb6efdbf', '42', 5, 1, '2016-01-05 13:04:25'),
(754, 26, '3a7eec583b29467ca4fdfdfe4de2d765', '42', 12, 1, '2016-01-05 13:22:09'),
(755, 42, '3a7eec583b29467ca4fdfdfe4de2d765', '42', 0, 1, '2016-01-05 13:22:42'),
(756, 100, '3a7eec583b29467ca4fdfdfe4de2d765', '42', 5, 1, '2016-01-05 13:23:55'),
(757, 25, '3a7eec583b29467ca4fdfdfe4de2d765', '42', 12, 1, '2016-01-05 13:24:37'),
(758, 25, '151e312e3ee38a656e9bda78349990a0', '42', 12, 1, '2016-01-05 14:19:46'),
(759, 25, '64834f647dd453b415afa3c8cfa98d6a', '42', 12, 1, '2016-01-05 14:20:16'),
(760, 26, 'be22b228f2f72cdd86f2dcfd0cd7bb3c', '42', 12, 1, '2016-01-05 20:19:02'),
(766, 26, '03be8223b5fa1e33b7dff8a78fe848bb', '42', 12, 1, '2016-01-06 20:49:00'),
(767, 45, 'd0726da782c5f2020701efb05b8eb637', '48', 1, 1, '2016-01-07 10:06:14'),
(768, 45, 'd0726da782c5f2020701efb05b8eb637', '48', 1, 1, '2016-01-07 10:06:28'),
(769, 43, '0ebbf61d53a92218253657929005d452', '48', 5, 1, '2016-01-08 07:34:32'),
(771, 150, '674f267264a30bebb5d4c322cf99ae97', '48', 5, 1, '2016-01-08 12:37:45'),
(772, 96, '361d2a758d69cb61d96ef9cb438a8eec', '42', 5, 1, '2016-01-08 13:15:17'),
(775, 128, 'f872acdc4e794c5bec135145ac6e7b16', '44', 5, 1, '2016-01-08 13:28:34'),
(774, 152, '339a0b4553f8fb7ce0e7a66ca3ed57c1', '42', 5, 1, '2016-01-08 13:18:50'),
(776, 52, '1bfff53e25ff324ad7d327f2cd4cbbe8', '44', 8, 1, '2016-01-08 16:28:16'),
(778, 128, 'e9df1bca5988a47228cc4506f617f0eb', '42', 5, 1, '2016-01-08 17:38:01'),
(779, 128, 'e9df1bca5988a47228cc4506f617f0eb', '42', 5, 1, '2016-01-08 17:39:43'),
(780, 137, 'd91f3128e89ac54445c1960ed986c546', '44', 2, 1, '2016-01-08 19:51:18'),
(781, 22, '98bf89cfbae5c374c0e7ea22b9410545', '42', 12, 1, '2016-01-08 20:11:36'),
(782, 14, '0e27f2ee76d644f0963a4ad01b3c1a49', '42', 6, 1, '2016-01-08 20:42:12'),
(783, 28, 'a7774a5123b6f425264675128f02905e', '44', 0, 1, '2016-01-09 01:22:55'),
(784, 51, 'f56cc6bbfed1b546e2e22dcc3ca25d1d', '46', 0, 1, '2016-01-09 07:03:38'),
(785, 108, 'ef61dc2a40560ce7e5d250e03bd238d1', '42', 5, 1, '2016-01-09 08:28:12'),
(811, 25, 'd2bb5cd7e2ae6df46b051a966d014f12', '42', 12, 1, '2016-01-09 20:18:41'),
(812, 149, '87070816d749eb98da977ed3a95a2937', '42', 0, 1, '2016-01-09 20:22:02'),
(813, 151, '87070816d749eb98da977ed3a95a2937', '42', 5, 1, '2016-01-09 20:22:23'),
(814, 129, '87070816d749eb98da977ed3a95a2937', '42', 1, 1, '2016-01-09 20:23:23'),
(816, 105, '793b8ded3a340cbc4a509a5b478de13f', '42', 2, 1, '2016-01-09 21:53:23'),
(815, 139, 'e06189c3e07a50cee7d024f32f5f9ab6', '44', 12, 1, '2016-01-09 21:03:43'),
(810, 21, 'd2bb5cd7e2ae6df46b051a966d014f12', '42', 5, 1, '2016-01-09 20:18:24'),
(809, 40, 'd2bb5cd7e2ae6df46b051a966d014f12', '42', 2, 1, '2016-01-09 20:17:46'),
(808, 91, 'd2bb5cd7e2ae6df46b051a966d014f12', '42', 9, 1, '2016-01-09 20:17:22'),
(807, 34, 'a22078668e1adbcdc4502eda32907568', '42', 5, 1, '2016-01-09 15:57:06'),
(806, 25, 'a22078668e1adbcdc4502eda32907568', '42', 12, 1, '2016-01-09 15:56:31'),
(804, 138, 'd2ea1e51f94db46e8259cdd2074009d4', '44', 12, 1, '2016-01-09 14:47:23'),
(822, 88, '76dc5c6b25f356ec28925fbb5f225f6e', '42', 10, 1, '2016-01-10 16:26:21'),
(821, 50, 'ede36c50afa29100cbf97c06850ea8c5', '42', 5, 1, '2016-01-10 07:53:13'),
(823, 140, 'a7edbf579066dc2d21a0f8fe57951c8c', '44', 5, 1, '2016-01-10 16:30:20'),
(824, 137, 'a7edbf579066dc2d21a0f8fe57951c8c', '44', 2, 1, '2016-01-10 16:31:51'),
(825, 88, 'b832c931a8605156a4902a41a45cf016', '42', 10, 1, '2016-01-10 17:31:49'),
(826, 92, 'b832c931a8605156a4902a41a45cf016', '42', 12, 1, '2016-01-10 17:32:03'),
(827, 90, 'b832c931a8605156a4902a41a45cf016', '42', 5, 1, '2016-01-10 17:32:12'),
(828, 40, 'b832c931a8605156a4902a41a45cf016', '42', 2, 1, '2016-01-10 17:32:36'),
(829, 32, 'b832c931a8605156a4902a41a45cf016', '42', 5, 1, '2016-01-10 17:33:01'),
(830, 50, 'b832c931a8605156a4902a41a45cf016', '42', 5, 1, '2016-01-10 17:33:19'),
(831, 58, 'b832c931a8605156a4902a41a45cf016', '42', 0, 1, '2016-01-10 17:33:30'),
(832, 99, 'b832c931a8605156a4902a41a45cf016', '42', 5, 1, '2016-01-10 17:33:50'),
(833, 50, '93482b8c04a38d5f6b1eb6d6ed87b19f', '42', 5, 1, '2016-01-10 18:53:20'),
(834, 137, '37a3dbd252c0e73b413872b1fc158444', '42', 2, 1, '2016-01-10 19:51:22'),
(838, 85, '93448085b5da7fefc3396e80e164e9e6', '42', 5, 1, '2016-01-10 20:48:46'),
(836, 84, 'c4f092d6d6c8319692e0ac02cb23991f', '42', 12, 1, '2016-01-10 20:01:15'),
(839, 104, '93448085b5da7fefc3396e80e164e9e6', '42', 5, 1, '2016-01-10 20:50:00'),
(840, 50, 'aeffd68a9f1310e752e7115edde74c24', '42', 5, 1, '2016-01-10 21:02:07'),
(841, 50, 'aeffd68a9f1310e752e7115edde74c24', '44', 5, 1, '2016-01-10 21:02:19'),
(842, 88, '9eece0f4e72bd5e934e664ec9ee40e1f', '42', 10, 1, '2016-01-10 22:13:45'),
(843, 25, '9eece0f4e72bd5e934e664ec9ee40e1f', '42', 12, 1, '2016-01-10 22:15:35'),
(844, 27, '9eece0f4e72bd5e934e664ec9ee40e1f', '42', 5, 1, '2016-01-10 22:16:12'),
(845, 42, '9eece0f4e72bd5e934e664ec9ee40e1f', '42', 0, 1, '2016-01-10 22:17:01'),
(846, 105, '9eece0f4e72bd5e934e664ec9ee40e1f', '42', 2, 1, '2016-01-10 22:18:35'),
(849, 22, 'ac026a6c11704a184228285b6ce8dcaf', '44', 2, 1, '2016-01-10 23:34:36'),
(848, 51, '6a180acf6611653e37cfac5c809161ee', '42', 0, 1, '2016-01-10 23:01:35'),
(850, 22, '133233363c827cba8d57f34ee1bbbeaa', '44', 2, 1, '2016-01-10 23:36:30'),
(851, 138, '133233363c827cba8d57f34ee1bbbeaa', '44', 12, 1, '2016-01-10 23:39:01'),
(852, 14, 'e64b63fc27c765b14ca0a51cf9f9c320', '46', 5, 1, '2016-01-11 00:23:21'),
(853, 125, '319ebdd56efba9912ee0b10c3bd38109', '42', 12, 1, '2016-01-11 05:40:31'),
(854, 38, 'f5a5077dfac0dbd56bff87b4698aad38', '42', 0, 1, '2016-01-11 10:33:02'),
(855, 141, 'f5a5077dfac0dbd56bff87b4698aad38', '42', 10, 1, '2016-01-11 10:36:39'),
(856, 96, 'f5a5077dfac0dbd56bff87b4698aad38', '42', 5, 1, '2016-01-11 10:37:41'),
(857, 25, 'f5a5077dfac0dbd56bff87b4698aad38', '42', 12, 1, '2016-01-11 10:38:23'),
(858, 129, 'b60a58e5498127cbe06f99553cbe0cc1', '44', 1, 37, '2016-01-11 10:50:04'),
(859, 156, '8feb50f27131f24dc5e60a3e9d8c9833', '42', 5, 1, '2016-01-11 11:59:00'),
(861, 121, '8e3fdf9a9bbdac762abfcfdd41a60076', '42', 5, 1, '2016-01-11 12:38:19'),
(862, 137, 'c8d54055f05357c7f49826e1ac6e2152', '42', 2, 1, '2016-01-11 13:58:27'),
(863, 57, '83fd5315e2d9a3db6913e2f6f06dc0b0', '46', 0, 1, '2016-01-11 14:14:29'),
(864, 52, '83fd5315e2d9a3db6913e2f6f06dc0b0', '46', 8, 1, '2016-01-11 14:14:55'),
(866, 26, 'c9a9f02ffe6fcea6d0c1a540699b2ffa', '42', 12, 1, '2016-01-11 14:36:11'),
(869, 123, 'f1526d53209df109eb7cb70ec50c5ddb', '42', 1, 1, '2016-01-11 16:25:34'),
(868, 150, '6fc24b5ae50eb2a89c9ddd0e431330a4', '48', 5, 1, '2016-01-11 14:41:57'),
(870, 104, '865695a2e66519b37d4b48d004e99066', '42', 5, 1, '2016-01-11 19:02:40'),
(871, 96, 'c1274be070597d9e6c3ce7a6d5be503b', '48', 5, 1, '2016-01-11 19:08:06'),
(872, 43, 'c4aaf1595de2d8e797f3b8a2d3a918bf', '48', 5, 1, '2016-01-11 21:47:39'),
(873, 141, 'c8dd704747ffd7fd2dc876fd34360077', '42', 10, 1, '2016-01-11 22:28:03'),
(874, 139, 'c8dd704747ffd7fd2dc876fd34360077', '44', 12, 1, '2016-01-11 22:29:45'),
(875, 149, 'c8dd704747ffd7fd2dc876fd34360077', '44', 0, 1, '2016-01-11 22:30:32'),
(876, 151, 'c8dd704747ffd7fd2dc876fd34360077', '44', 5, 1, '2016-01-11 22:31:05'),
(877, 23, 'b2cef5829cccb3701574367d8d3bd06e', '42', 5, 1, '2016-01-11 23:42:37'),
(879, 51, 'f5bf608c4dfb325796e716e99d43bb1c', '46', 0, 1, '2016-01-12 06:52:50'),
(880, 51, 'f5bf608c4dfb325796e716e99d43bb1c', '44', 0, 1, '2016-01-12 06:52:54'),
(881, 18, '0ac8b3a48b2de5bc826b16b8489511c8', '48', 12, 1, '2016-01-12 08:17:10'),
(882, 42, 'e83391b2aee93d0db55009538d521de7', '42', 0, 1, '2016-01-12 10:39:22'),
(883, 136, 'b01eb540b6de1e0023e7cf6c7bd2175f', '42', 5, 1, '2016-01-12 11:20:34'),
(884, 87, '999d891e14f67a684483fbd7e4cef93c', '42', 10, 1, '2016-01-12 11:33:26'),
(885, 85, 'b4cd72810c1c3a03397b5322bc74eaf2', '46', 5, 1, '2016-01-12 12:34:45'),
(892, 152, '03cf3ef987dd6090a92029daf79dddc0', '42', 5, 1, '2016-01-12 12:51:30'),
(890, 50, 'a7580ef35afdc251c428678e12ddda4a', '42', 5, 1, '2016-01-12 12:43:58'),
(888, 25, '717eb5e50ce5d2198741b15927188a20', '46', 12, 1, '2016-01-12 12:40:19'),
(891, 128, '717eb5e50ce5d2198741b15927188a20', '46', 5, 1, '2016-01-12 12:45:55'),
(901, 20, 'cb9a21954b65fd4ea4ad961c26fad9a6', '46', 12, 1, '2016-01-12 15:13:08'),
(899, 14, 'b1382e158da17cf96874ab06cd88409f', '44', 5, 1, '2016-01-12 15:03:30'),
(900, 28, 'cb9a21954b65fd4ea4ad961c26fad9a6', '46', 0, 1, '2016-01-12 15:09:26'),
(897, 50, '468aa54c47ef4c0d039ae946c4152b0b', '42', 5, 1, '2016-01-12 14:58:33'),
(905, 95, '6cbcffdc99c8a3246675cc71e62b7c57', '42', 1, 1, '2016-01-12 16:23:18'),
(904, 25, 'cb9a21954b65fd4ea4ad961c26fad9a6', '46', 12, 1, '2016-01-12 15:21:59'),
(906, 22, '6cbcffdc99c8a3246675cc71e62b7c57', '42', 2, 1, '2016-01-12 16:23:42'),
(907, 43, '6cbcffdc99c8a3246675cc71e62b7c57', '42', 5, 1, '2016-01-12 16:24:35'),
(908, 85, '142859395fe67fe644040dbb9919ece4', '42', 5, 1, '2016-01-12 16:43:16'),
(909, 28, '142859395fe67fe644040dbb9919ece4', '42', 0, 1, '2016-01-12 16:45:34');

-- --------------------------------------------------------

--
-- Структура таблицы `catalog`
--
-- Создание: Ноя 16 2015 г., 13:49
-- Последнее обновление: Дек 17 2015 г., 19:19
--

DROP TABLE IF EXISTS `catalog`;
CREATE TABLE IF NOT EXISTS `catalog` (
  `id` int(11) NOT NULL,
  `parent` int(11) NOT NULL,
  `nn` int(11) NOT NULL,
  `name_en` varchar(255) NOT NULL,
  `name_ru` varchar(255) NOT NULL,
  `title` varchar(255) NOT NULL,
  `desc` varchar(255) NOT NULL,
  `keywords` varchar(255) NOT NULL
) ENGINE=MyISAM AUTO_INCREMENT=18 DEFAULT CHARSET=utf8;

--
-- Дамп данных таблицы `catalog`
--

INSERT INTO `catalog` (`id`, `parent`, `nn`, `name_en`, `name_ru`, `title`, `desc`, `keywords`) VALUES
(1, 0, 9, 'svadba', 'Свадьба', 'Свадьба', 'Свадьба', 'Свадьба'),
(12, 3, 2, 'evening-dresses', 'Вечер', 'Платье - Вечер', 'Платье - Вечер', 'Платье, Вечер'),
(3, 0, 1, 'clothes', 'Платье', 'Все изделия', 'Все изделия', 'Все изделия'),
(4, 0, 5, 'jaket', 'Жакет', 'Жакет', 'Жакет', 'Жакет'),
(5, 0, 8, 'bryuki', 'Брюки', 'Брюки', 'Брюки', 'Брюки'),
(10, 0, 4, 'coats', 'Пальто', 'Пальто', 'Пальто', 'Пальто'),
(11, 3, 3, 'dresses', 'День', 'Платье - День', 'Платье - День', 'Платье, День'),
(9, 0, 6, 'skirts', 'Юбки', 'Юбки', 'Юбки', 'Юбки'),
(17, 0, 7, 'tops', 'Топы', 'Топы', 'Топы', 'Топы');

-- --------------------------------------------------------

--
-- Структура таблицы `clients`
--
-- Создание: Ноя 16 2015 г., 13:49
-- Последнее обновление: Ноя 16 2015 г., 13:49
--

DROP TABLE IF EXISTS `clients`;
CREATE TABLE IF NOT EXISTS `clients` (
  `id` int(11) NOT NULL,
  `login` varchar(10) NOT NULL,
  `pass` varchar(255) NOT NULL,
  `name` varchar(200) NOT NULL,
  `phone` varchar(200) NOT NULL,
  `email` varchar(200) NOT NULL,
  `opt` int(11) NOT NULL
) ENGINE=MyISAM AUTO_INCREMENT=2 DEFAULT CHARSET=utf8;

--
-- Дамп данных таблицы `clients`
--

INSERT INTO `clients` (`id`, `login`, `pass`, `name`, `phone`, `email`, `opt`) VALUES
(1, '000001', '9d7311ba459f9e45ed746755a32dcd11', 'Иван', '89108588555', 'torredo@inbox.ru', 4);

-- --------------------------------------------------------

--
-- Структура таблицы `colors`
--
-- Создание: Ноя 16 2015 г., 13:49
-- Последнее обновление: Ноя 18 2015 г., 09:42
--

DROP TABLE IF EXISTS `colors`;
CREATE TABLE IF NOT EXISTS `colors` (
  `id` int(11) NOT NULL,
  `value` varchar(20) NOT NULL,
  `rgb` varchar(7) NOT NULL
) ENGINE=MyISAM AUTO_INCREMENT=16 DEFAULT CHARSET=utf8;

--
-- Дамп данных таблицы `colors`
--

INSERT INTO `colors` (`id`, `value`, `rgb`) VALUES
(1, 'red', '#ff0000'),
(2, 'green', '#008000'),
(3, 'yellow', '#ffff00'),
(5, 'black', '#000000'),
(6, 'white', '#ffffff'),
(7, 'sky', '#87CEEB'),
(8, 'rose-white', '#FFE4E1'),
(9, 'violet', '#EE82EE'),
(10, 'rose', '#c0737a'),
(11, 'mentol', '#95B2A6'),
(12, 'blue', '#75bbfd'),
(13, 'grey', '#BEBEBE'),
(14, 'gold', '#FFD700');

-- --------------------------------------------------------

--
-- Структура таблицы `count_zakaz`
--
-- Создание: Ноя 16 2015 г., 13:49
-- Последнее обновление: Янв 12 2016 г., 14:24
--

DROP TABLE IF EXISTS `count_zakaz`;
CREATE TABLE IF NOT EXISTS `count_zakaz` (
  `id` int(11) NOT NULL,
  `date` datetime NOT NULL,
  `sun` decimal(10,2) NOT NULL,
  `sun_dost` decimal(10,2) NOT NULL,
  `name` varchar(255) NOT NULL,
  `phone` varchar(255) NOT NULL,
  `email` varchar(255) NOT NULL,
  `region` varchar(255) NOT NULL,
  `city` varchar(255) NOT NULL,
  `index` varchar(255) NOT NULL,
  `street` varchar(255) NOT NULL,
  `house` varchar(255) NOT NULL,
  `comment` varchar(300) NOT NULL,
  `delivery` varchar(255) NOT NULL,
  `type_payment` varchar(255) NOT NULL,
  `payment` varchar(10) NOT NULL
) ENGINE=MyISAM AUTO_INCREMENT=138 DEFAULT CHARSET=utf8;

--
-- Дамп данных таблицы `count_zakaz`
--

INSERT INTO `count_zakaz` (`id`, `date`, `sun`, `sun_dost`, `name`, `phone`, `email`, `region`, `city`, `index`, `street`, `house`, `comment`, `delivery`, `type_payment`, `payment`) VALUES
(1, '2015-11-12 16:02:43', '1.00', '0.00', 'Иван', '89996126070', 'torredo@inbox.ru', 'г Москва', 'Москва', '123123', 'Угрешская', '2', 'Без доставки', 'Самовывоз', 'Картой on-line', 'fail'),
(2, '2015-11-12 16:08:43', '2.00', '0.00', 'Test', 'TETS', 'TEST', 'г Москва', 'ascsac', '3453453', 'ascas', 'cas', 'cascasc', 'Самовывоз', 'Картой on-line', 'fail'),
(3, '2015-11-12 16:12:18', '1.00', '0.00', 'тест', 'тест', 'тест', 'г Москва', '1', 'тест', '1', '1', '1', 'Самовывоз', 'Картой on-line', 'fail'),
(4, '2015-11-12 16:13:54', '1.00', '300.00', 'sdfs', 'fsdf', 'sdfsdf', 'г Москва', 'fsdf', 'sdfsdf', 'sdfsd', 'sdf', 'sdfsdf', 'Курьерская доставка', 'Наличными курьеру', 'fail'),
(5, '2015-11-12 16:14:41', '1.00', '300.00', 'sdv', 'vsd', 'vsdv', 'г Москва', 'sdvsd', 'sdv', 'sdv', 'sdv', 'vddv', 'Курьерская доставка', 'Картой курьеру', 'fail'),
(6, '2015-11-12 16:14:56', '1.00', '200.00', 'test', '123123123', 'test@test.com', 'г Москва', '', '', '', '', '', 'Курьерская доставка', 'Наличными курьеру', 'fail'),
(7, '2015-11-12 16:15:05', '1.00', '450.00', 'test', '123123123', 'test@test.com', 'г Москва', '', '', '', '', '', 'EMS', 'Картой on-line', 'fail'),
(8, '2015-11-12 16:15:57', '1.00', '300.00', 'test', '123123123', 'test@test.com', 'г Москва', '', '', '', '', '', 'Курьерская доставка', 'Картой on-line', 'fail'),
(9, '2015-11-12 16:16:04', '1.00', '300.00', 'test', '123123123', 'test@test.com', 'г Москва', '', '', '', '', '', 'Курьерская доставка', 'Картой on-line', 'fail'),
(10, '2015-11-12 16:16:22', '2.00', '450.00', 'dsv', 'sdv', 'sdvsd', 'г Москва', 'sdv', 'vsdvsd', 'sdvsd', 'vsdvsd', 'vsdvsdv', 'EMS', 'Картой курьеру', 'fail'),
(11, '2015-11-12 16:27:06', '1.00', '300.00', 'test', '123123123', 'test@test.com', 'г Москва', '', '', '', '', '', 'Курьерская доставка', 'Картой on-line', 'fail'),
(12, '2015-11-12 16:28:53', '2.00', '0.00', 'sdfsdf', 'sdfsdfs', 'sdfsdf', 'г Москва', 'fsdf', 'sdf', 'fsd', 'sdfsd', 'sdfsd', 'Самовывоз', 'Наличными курьеру', 'fail'),
(13, '2015-11-12 16:38:38', '1.00', '200.00', 'Тест', '15484545546', 'asuyazov@fastmail.com', 'г Москва', '', '', '', '', '', 'Курьерская доставка', 'Картой on-line', 'fail'),
(14, '2015-11-12 17:17:00', '1.00', '0.00', 'Иван', '646756757657', 'used@ishgiu.ds', 'г Москва', 'fsdf', '354324234', 'dfgdfg', '43', 'dfgdfgdfg', 'Самовывоз', 'Картой on-line', 'fail'),
(15, '2015-11-12 18:16:02', '1.00', '200.00', 'Нкт', '31616186464', 'info@glzn.ru', 'г Москва', '', '', '', '', '', 'Курьерская доставка', 'Картой on-line', 'fail'),
(16, '2015-11-16 15:04:22', '1.00', '200.00', 'Test', '79151103026', 'info@glzn.ru', 'г Москва', '', '', '', '', '', 'Курьерская доставка', 'Наличными курьеру', 'fail'),
(17, '2015-11-17 17:26:36', '1.00', '0.00', 'dsvdsv', '3432432', 'fed@fdgf.jh', 'г Москва', '', '', '', '', '', 'Самовывоз', 'Картой on-line', 'fail'),
(18, '2015-11-17 17:33:46', '1.00', '0.00', 'Test', '79151103026', 'asuyazov@fastmail.com', 'г Москва', '', '', '', '', '', 'Самовывоз', 'Наличными курьеру', 'fail'),
(19, '2015-11-18 13:24:11', '87750.00', '0.00', 'Alexander Suyazov 6', '79151103026', 'soujazov.a@gmail.com', 'г Москва', 'Moscow', 'Moscow', 'Tallinskaya 2', '', '', 'Самовывоз', 'Наличными курьеру', 'fail'),
(20, '2015-11-18 14:27:44', '113250.00', '0.00', 'Alexander Suyazov', '79151103026', 'soujazov.a@gmail.com', 'г Москва', 'Moscow', 'Moscow', 'Tallinskaya 2', '', '', 'Самовывоз', 'Наличными курьеру', 'fail'),
(21, '2015-11-18 17:28:21', '9500.00', '0.00', 'Alexander Suyazov', '79151103026', 'soujazov.a@gmail.com', 'г Москва', 'Moscow', 'Moscow', 'Tallinskaya 2', '', '', 'Самовывоз', 'Наличными курьеру', 'fail'),
(22, '2015-11-18 17:39:02', '37750.00', '0.00', 'Nsbsjshsb Djjdbdnd', '74955635215', 'Aaaatest@gmail.com', 'г Москва', 'Moscow', 'Moscow', 'Red Sq 1', '', '', 'Самовывоз', 'Наличными курьеру', 'fail'),
(23, '2015-11-18 18:17:00', '57700.00', '0.00', 'Alexander Suyazov', '79151103026', 'soujazov.a@gmail.com', 'г Москва', 'Moscow', 'Moscow', 'Tallinskaya 2', '', '', 'Самовывоз', 'Картой on-line', 'fail'),
(24, '2015-11-18 18:18:11', '57700.00', '0.00', 'Alexander Suyazov', '79151103026', 'alexander.suyazov@gmail.com', 'г Москва', 'Moscow', 'Moscow', 'Tallinskaya 2', '', 'test', 'Самовывоз', 'Наличными курьеру', 'fail'),
(28, '2015-11-19 00:39:28', '21750.00', '0.00', 'Alexander Suyazov', '79151103026', 'soujazov.a@gmail.com', 'г Москва', 'Moscow', 'Moscow', 'Tallinskaya 2', '', '', 'Самовывоз', 'Наличными курьеру', 'false'),
(27, '2015-11-18 21:07:57', '16900.00', '300.00', 'e', '255', 'gffd@hotmail.com', 'г Москва', '', '', '', '', '', 'Курьерская доставка', 'Картой on-line', 'false'),
(29, '2015-11-19 00:58:30', '21750.00', '0.00', 'Alexander Suyazov', '79151103026', 'soujazov.a@gmail.com', 'г Москва', 'Moscow', 'Moscow', 'Tallinskaya 2', '', '', 'Самовывоз', 'Картой курьеру', 'false'),
(30, '2015-11-19 12:25:02', '36400.00', '200.00', 'Кристина', '89031095453', 'krisburger@mail.ru', 'г Москва', '', '', 'ботанический переулок', '5, 3 этаж (БЦ)', 'желательно на завтра, 19 ноября (планирую приобрести 1 платье из трех)', 'Курьерская доставка', 'Наличными курьеру', 'false'),
(31, '2015-11-19 13:43:23', '39750.00', '200.00', 'ирина', '89857937453', 'demi123456@yandex.ru', 'г Москва', 'москва', '', 'волхонка', '9/1', '', 'Курьерская доставка', 'Картой курьеру', 'false'),
(32, '2015-11-19 13:56:10', '21750.00', '200.00', 'Alexander Suyazov', '79151103026', 'soujazov.a@gmail.com', 'г Москва', 'Moscow', 'Moscow', 'Tallinskaya 2', '', '', 'Курьерская доставка', 'Картой on-line', 'false'),
(33, '2015-11-19 22:09:43', '9500.00', '300.00', 'Alexander Suyazov', '79151103026', 'soujazov.a@gmail.com', 'г Москва', 'Moscow', 'Moscow', 'Tallinskaya 2', '', '', 'Курьерская доставка', 'Наличными курьеру', 'false'),
(34, '2015-11-19 22:09:43', '9500.00', '300.00', 'Alexander Suyazov', '79151103026', 'soujazov.a@gmail.com', 'г Москва', 'Moscow', 'Moscow', 'Tallinskaya 2', '', '', 'Курьерская доставка', 'Наличными курьеру', 'false'),
(35, '2015-11-19 23:33:15', '14700.00', '300.00', 'Gala', '55828282', 'Gl@su.ru', 'г Москва', 'Moscow', '', 'Jffh', 'Fb', 'Fbb', 'Курьерская доставка', 'Наличными курьеру', 'false'),
(36, '2015-11-20 12:40:33', '43000.00', '300.00', 'Анастасия', '89646481175', '6425584@gmail.com', 'г Москва', 'Москва', '125252', 'Чапаевский переулок', '18, кв84', 'Хотела бы примерку перед покупкой', 'Курьерская доставка', 'Наличными курьеру', 'false'),
(37, '2015-11-20 14:20:14', '21750.00', '300.00', 'Иван', '8999999999', 'torredo@inbox.ru', 'г Москва', 'Москва', '111111111111', 'Угрешская', '2', '', 'Курьерская доставка', 'Наличными курьеру', 'false'),
(38, '2015-11-20 14:24:10', '34500.00', '0.00', 'Иван', '8999999999', 'torredo@inbox.ru', 'г Москва', 'Москва', '111111111111', 'Угрешская', '2', '', 'Самовывоз', 'Картой курьеру', 'false'),
(39, '2015-11-20 16:45:40', '21250.00', '300.00', 'Елена', '89261965053', 'Lo-lo83@list.ru', 'г Москва', 'Москва', '', 'Проспект маршала жукова78', '146', '', 'Курьерская доставка', 'Наличными курьеру', 'false'),
(40, '2015-11-20 21:30:57', '14700.00', '450.00', 'Ушакова Лилия Юрьевна', '79107371725', 'LiliyaUshakova@inbox.ru', 'обл Белгородская', 'Белгород', '308033', 'Королева', '18, кв. 61', '', 'EMS', 'Наличными курьеру', 'false'),
(41, '2015-11-21 13:17:04', '6600.00', '0.00', 'Alexander Suyazov', '79151103026', 'soujazov.a@gmail.com', 'г Москва', 'Moscow', 'Moscow', 'Tallinskaya 2', '', '', 'Самовывоз', 'Наличными курьеру', 'false'),
(42, '2015-11-21 13:20:37', '21750.00', '0.00', 'Alexander Suyazov', '79151103026', 'soujazov.a@gmail.com', 'г Москва', 'Moscow', 'Moscow', 'Tallinskaya 2', '', '', 'Самовывоз', 'Наличными курьеру', 'false'),
(43, '2015-11-21 13:27:02', '9500.00', '0.00', 'Alexander Suyazov', '79151103026', 'soujazov.a@gmail.com', 'г Москва', 'Moscow', 'Moscow', 'Tallinskaya 2', '', '', 'Самовывоз', 'Наличными курьеру', 'false'),
(44, '2015-11-21 18:31:19', '9950.00', '300.00', 'Елена', 'Эшанкулова', 'elena.eshankulova@yahoo.co.uk', 'г Москва', 'Москва', '105077', 'Первомайская', '77/47', '', 'Курьерская доставка', 'Наличными курьеру', 'false'),
(45, '2015-11-21 23:23:14', '12450.00', '300.00', 'Анна', '89100831039', 'atoropova@yandex.ru', 'г Москва', 'Москва', '119192', 'Мичуринский проспект', '9-3-33', '', 'Курьерская доставка', 'Наличными курьеру', 'false'),
(46, '2015-11-21 23:25:39', '11400.00', '300.00', 'Анна', '89100831039', 'atoropova@yandex.ru', 'г Москва', 'Москва', '', 'Мичуринский проспект', '9-3-33', '', 'Курьерская доставка', 'Наличными курьеру', 'false'),
(47, '2015-11-22 12:27:39', '31600.00', '300.00', 'Садковая Анастасия', '89646481175', '6425584@gmail.com', 'г Москва', 'Москва', '125252', 'Чапаевский переулок', 'Дом 18, кв.84', '', 'Курьерская доставка', 'Наличными курьеру', 'false'),
(48, '2015-11-22 20:50:33', '36450.00', '300.00', 'Надежда', '89645536211', 'n-zhihareva@mail.ru', 'г Москва', 'Москва', '119421', 'Новаторов', '1, сек.А, кв.0203', '', 'Курьерская доставка', 'Наличными курьеру', 'false'),
(49, '2015-11-23 02:51:02', '34550.00', '300.00', 'Людмила', '89268860117', '5284657@mail.ru', 'г Москва', 'Москва', '', 'Гурьянова', '2/1', 'КВ 277', 'Курьерская доставка', 'Наличными курьеру', 'false'),
(50, '2015-11-24 18:08:10', '9950.00', '300.00', 'Ирина Корнеева', '89162108877', 'I.korneeva@mail.ru', 'г Москва', 'Москва', '119192', 'Мичуринский пр-т', '5-154', '', 'Курьерская доставка', 'Наличными курьеру', 'false'),
(51, '2015-11-24 23:22:07', '9950.00', '300.00', 'Oksana', '89104358449', 'Cheoi@yandex.ru', 'г Москва', 'Москва', '', 'Голубинская', '15/10 кВ 473', '', 'Курьерская доставка', 'Наличными курьеру', 'false'),
(52, '2015-11-25 22:45:07', '14700.00', '300.00', 'Марина', '79150687008', 'frolovamn@gmail.com', 'г Москва', 'Москва', '', 'Пятницкая', '49А стр2', '', 'Курьерская доставка', 'Наличными курьеру', 'false'),
(53, '2015-11-26 10:58:30', '21750.00', '0.00', 'Евгения', '89039619606', 'legend-75@mail.ru', 'г Москва', '', '', '', '', '', 'Самовывоз', 'Наличными курьеру', 'false'),
(54, '2015-11-27 11:34:53', '19100.00', '300.00', 'Екатерина', '89164911011', 'kate-home-st@yandex.ru', 'г Москва', 'Москва', '', 'Шоссейная', '58/4 кв 38', '', 'Курьерская доставка', 'Наличными курьеру', 'false'),
(55, '2015-11-29 11:27:46', '99900.00', '300.00', 'Рузана', '89261111680', 'Planeta_q@rambler.ru', 'г Москва', 'Москва', '117437', 'Профсоюзная', '104/542', 'Могу ли я отказаться от заказа полностью или частично, если мне ничего не подойдет?', 'Курьерская доставка', 'Наличными курьеру', 'false'),
(56, '2015-11-29 22:57:49', '21700.00', '300.00', 'Елена', '89099534400', 'Flower_me@inbox.ru', 'г Москва', 'Мск', '', 'Кочновский проезд', '4к1, кВ 859', 'Жк аэробус, 7 под, 30 этаж\nВечер после 20.00', 'Курьерская доставка', 'Наличными курьеру', 'false'),
(57, '2015-11-29 23:49:03', '9950.00', '300.00', 'Анастасия', '79265397573', 'Anastasiygrachev@yandex.ru', 'г Москва', 'Москва', '', 'Академика Комарова', '12/122', '', 'Курьерская доставка', 'Наличными курьеру', 'false'),
(58, '2015-11-30 13:33:23', '14700.00', '300.00', 'Ирина', '89166562029', 'sereda.ir@ya.ru', 'г Москва', 'Москва', '', '1-ая Тверская-Ямская', '23 корп 1', 'БЦ парус Есть ли такое платье в других цветах?', 'Курьерская доставка', 'Наличными курьеру', 'false'),
(59, '2015-11-30 17:25:05', '43800.00', '300.00', 'Наталья', '89250260086', 'Natacare83@gmail.com', 'г Москва', 'Москва', '', 'Ленинский проспект', '34 к 2 кВ 34', '', 'Курьерская доставка', 'Наличными курьеру', 'false'),
(60, '2015-12-01 09:15:04', '46300.00', '300.00', 'Ангелина', '89035330057', 'andrilina@yandex.ru', 'г Москва', '', '', '9-я улица соколиной горы', '5/91', 'доставка в выходной день или после 19.00 по будням', 'Курьерская доставка', 'Картой курьеру', 'false'),
(61, '2015-12-01 10:35:07', '9950.00', '300.00', 'Марина', '79165626355', 'minata@yandex.ru', 'г Москва', 'Москва', '123022', 'Сергея Макеева', '13', '', 'Курьерская доставка', 'Картой курьеру', 'false'),
(62, '2015-12-01 12:21:37', '11750.00', '300.00', 'Екатерина', '89645669842', 'Klebedeva@mail.ru', 'г Москва', 'Москва', '123610', 'Краснопресненская наб.', '12', 'Доставка 04.12.15. с 12:00 до 19:00', 'Курьерская доставка', 'Наличными курьеру', 'false'),
(63, '2015-12-01 13:26:48', '39350.00', '451.00', 'Марина', '89036230452', 'zarudnaya@4vida.ru', 'обл Московская', 'Балашиха', '143900', 'ул. Советская', 'д. 8, кв. 1', 'Доставка в будние дни с 10 до 18', 'EMS', 'Картой курьеру', 'false'),
(64, '2015-12-01 14:53:39', '21750.00', '0.00', 'Stephen Karbaron', '79169226241', 'relishsteve@hotmail.com', 'г Москва', 'Moscow', '', '', '', '', 'Самовывоз', 'Наличными курьеру', 'false'),
(65, '2015-12-02 12:34:26', '42300.00', '300.00', 'Людила', '8-910-452-21-45', 'milenamilo@yandex.ru', 'г Москва', 'Москва', '', 'Рублевское шоссе', 'д30 к1', '', 'Курьерская доставка', 'Наличными курьеру', 'false'),
(66, '2015-12-02 17:54:11', '16400.00', '300.00', 'Ольга', '79250373747', 'info@bellitalia.su', 'г Москва', 'Москва', '', 'Одесская', '22 корпус 5', 'оставляю домашний телефон, так как мой иногда дома не ловит сеть\n8 499 317 66 02', 'Курьерская доставка', 'Картой курьеру', 'false'),
(67, '2015-12-02 22:18:10', '19900.00', '0.00', 'Мария', '79161346444', 'Orlovamarusja@mail.ru', 'г Москва', '', '', '', '', '', 'Самовывоз', 'Наличными курьеру', 'false'),
(68, '2015-12-03 22:43:01', '19900.00', '300.00', 'Наталья', '89164961308', 'Natali.v.1812@gmail.com', 'г Москва', 'Москва', '', 'Университетский проспект', '12', 'Возможно ли заказать платья других цветов: чёрное и сиреневое?', 'Курьерская доставка', 'Наличными курьеру', 'false'),
(69, '2015-12-04 18:37:37', '43050.00', '300.00', 'Маргарита', '7-985-999-48-28', 'lebedeva-ma@yandex.ru', 'г Москва', '', '', 'Зубовский бульвар', '17', 'Хотелось бы предварительно записаться на примерку и для зеленого платья выбрать другой цвет, но не синий.', 'Курьерская доставка', 'Наличными курьеру', 'false'),
(70, '2015-12-06 12:18:43', '14700.00', '300.00', 'Марина', '89168755785', 'Mvminina87@gmail.com', 'г Москва', '', '', 'Профсоюзная', '73', '', 'Курьерская доставка', 'Наличными курьеру', 'false'),
(71, '2015-12-07 07:28:55', '9600.00', '0.00', 'Евгения', '89257173652', 'jane_@rambler.ru', 'г Москва', '', '', '', '', '', 'Самовывоз', 'Наличными курьеру', 'false'),
(72, '2015-12-07 13:24:54', '26500.00', '300.00', 'Анастасия Везирова', '89039614632', 'barannik.a@gmail.com', 'г Москва', 'Москва', '107104', '5-я Сокольническая', '1, 41', 'Возможно ли привезти вещи в двух размерах (42 и 44), чтобы можно было выбрать?', 'Курьерская доставка', 'Наличными курьеру', 'false'),
(73, '2015-12-07 22:28:38', '46750.00', '300.00', 'Елена', '89032881151', '2881151@gmail.com', 'г Москва', 'Москва', '', 'Балчуг', '7', '', 'Курьерская доставка', 'Наличными курьеру', 'false'),
(74, '2015-12-08 02:22:37', '13800.00', '300.00', 'Ольга', '79161571070', 'Olechka.potemkina@gmail.com', 'г Москва', '', '', 'Новодевичий проезд, д.4, 2 подъезд, 6 этпж', 'Кв.41', '', 'Курьерская доставка', 'Наличными курьеру', 'false'),
(75, '2015-12-08 11:11:02', '14700.00', '300.00', 'Марина', '89161733305', 'Kuleshovamv@gmail.com', 'г Москва', 'Москва', '', 'Негоинная', '12', 'С 10 до 19.00 по будням', 'Курьерская доставка', 'Картой курьеру', 'false'),
(76, '2015-12-09 01:46:47', '9950.00', '300.00', 'Екатерина', '89250428300', 'Ivanova.eks@gmail.com', 'г Москва', 'Москва', '117513', 'Островитянова', '4/109', '', 'Курьерская доставка', 'Наличными курьеру', 'false'),
(77, '2015-12-09 14:40:39', '28600.00', '300.00', 'Екатерина', '89257721291', '7721291@mail.ru', 'г Москва', 'Москва', '', 'Можайское шоссе', '4', 'мебельный салон, вывеска " кухни мебель" когда возможна доставка?', 'Курьерская доставка', 'Наличными курьеру', 'false'),
(78, '2015-12-09 19:50:14', '41650.00', '300.00', 'Екатерина', '89037968735', 'Katakimova@ma.ru', 'г Москва', 'Москва', '', 'Подколокольный пер', 'Д6 кв4', '', 'Курьерская доставка', 'Наличными курьеру', 'false'),
(79, '2015-12-09 21:25:31', '24850.00', '300.00', 'Олеся', '89036694771', 'Khoptaolesya@mail.ru', 'г Москва', 'Москва', '125466', 'Ландышевая', '14к3кв16', '', 'Курьерская доставка', 'Картой курьеру', 'false'),
(80, '2015-12-10 16:21:51', '10500.00', '451.00', 'Светлана', '89258600900', 'ratr_uspenskaya@mail.ru', 'обл Московская', 'Реутов', '', 'Октября', '38/12', '', 'EMS', 'Наличными курьеру', 'false'),
(81, '2015-12-11 22:09:42', '89550.00', '300.00', 'Оксана', '89091566898', 'Ofeschenko@rosexpert.ru', 'г Москва', 'Москва', '', '1ая брестская', '29', '', 'Курьерская доставка', 'Картой курьеру', 'false'),
(82, '2015-12-12 08:47:53', '9900.00', '300.00', 'анастасия', '89163123949', 'nasyanik@mail.ru', 'г Москва', 'москва', '', 'кировоградская', '8/3', '', 'Курьерская доставка', 'Наличными курьеру', 'false'),
(83, '2015-12-12 17:31:22', '21750.00', '300.00', 'Екатерина', '89162909398', 'Slivak88@mail.ru', 'г Москва', 'Москва', '', 'Мичуринский пр. 6 корп.3', '', 'Если завтра сможете доставить до 14:00 то я куплю это платье мне срочно нужно на мероприятие! Если нет тогда доставку согласовать со мной!', 'Курьерская доставка', 'Наличными курьеру', 'false'),
(84, '2015-12-12 23:01:19', '21300.00', '300.00', 'Татьяна', '89269081861', 'Tatianat_80@mail.ru', 'г Москва', 'Москва', '', 'Академика Пилюгина', '14, корп 4, кв 1133', '', 'Курьерская доставка', 'Наличными курьеру', 'false'),
(85, '2015-12-13 16:53:00', '21700.00', '0.00', 'Виктория', '79167427759', 'Vvnas@mail.ru', 'г Москва', '', '', '', '', '', 'Самовывоз', 'Наличными курьеру', 'false'),
(86, '2015-12-13 19:09:12', '31650.00', '451.00', 'Инна', '79636679077', 'Innka4@gmail.com', 'обл Московская', 'Ленинский район, деревня Жабкино', '', 'Южная', '20', '', 'EMS', 'Наличными курьеру', 'false'),
(87, '2015-12-13 19:56:09', '9950.00', '300.00', 'Олеся', '89037199351', 'Archakovamail@mail.ru', 'г Москва', 'Москва', '125047', 'Лесная', '5', '', 'Курьерская доставка', 'Наличными курьеру', 'false'),
(88, '2015-12-14 11:15:25', '55250.00', '300.00', 'Наталья', '89154980445', 'b777nt@gmail.com', 'г Москва', 'Мсоква', '', 'Большая Пироговская', '27 строение 2', '', 'Курьерская доставка', 'Наличными курьеру', 'false'),
(89, '2015-12-14 13:45:20', '21750.00', '300.00', 'Ирина', '79167467224', 'Paradise_ka@mail.ru', 'г Москва', 'Москва', '115114', 'Дербеневская набережная', '7, стр.9', 'БЦ Новоспасский двор\nОфис BBDO\nДоставка с 10 до 19 ч', 'Курьерская доставка', 'Картой курьеру', 'false'),
(90, '2015-12-14 20:05:01', '57700.00', '300.00', 'Ирина', '89857626386', 'isheveleva@bk.ru', 'г Москва', 'Москва', '119034', 'Малый Левшинский пер', 'д.5,кор.2,кв.14', '', 'Курьерская доставка', 'Наличными курьеру', 'false'),
(91, '2015-12-15 01:19:28', '9600.00', '0.00', 'Ирина', '89660994550', 'iri-solokha@yandex.ru', 'г Москва', '', '', 'Б.Марфинская , 4, к.2, кв.123', '', '', 'Самовывоз', 'Картой курьеру', 'false'),
(92, '2015-12-15 19:55:30', '9950.00', '300.00', 'Мария', '9164176100', 'Mashutin1986@mail.ru', 'г Москва', 'Москва', '', 'Проспект маршала жукова', '43,стр.3,кв30', '', 'Курьерская доставка', 'Наличными курьеру', 'false'),
(93, '2015-12-15 22:59:17', '65650.00', '300.00', 'Мария', '89035212030', 'Maria.chusa@mail.ru', 'г Москва', 'Москва', '', 'Чапаевский переулок', '3/ кв 499', '', 'Курьерская доставка', 'Наличными курьеру', 'false'),
(94, '2015-12-16 13:26:11', '15900.00', '0.00', 'Людмила', '89035447034', 'mulo4ka@mail.ru', 'г Москва', '', '', '', '', 'Добрый день! Не совсем уверена в размере, поэтому хотела бы подъехать на примерку на будущей неделе. Спасибо!', 'Самовывоз', 'Наличными курьеру', 'false'),
(95, '2015-12-16 14:33:13', '11750.00', '0.00', 'Юля', '89671820160', 'y_gavrilova@mail.ru', 'г Москва', '', '', '', '', '', 'Самовывоз', 'Наличными курьеру', 'false'),
(96, '2015-12-16 18:35:23', '84650.00', '451.00', 'Ксения', '79263586846', 'k.lav@mail.ru', 'обл Московская', 'королев', '', 'Пионерская', 'дом 30, корпус 8, кв.292', '', 'EMS', 'Наличными курьеру', 'false'),
(97, '2015-12-16 18:46:42', '11750.00', '300.00', 'Юлия', '9250752202', 'tsepeleva_julia@mail.ru', 'г Москва', 'Москва', '105118', 'Буракова', '15/1 кв 51', 'Позвонить прдварительно', 'Курьерская доставка', 'Картой курьеру', 'false'),
(98, '2015-12-16 22:55:02', '21700.00', '300.00', 'Елена', '89151047507', 'Svel@inbox.ru', 'г Москва', 'Москва', '123458', 'Твардовского', '12 к3, 558', '', 'Курьерская доставка', 'Наличными курьеру', 'false'),
(99, '2015-12-17 11:04:05', '21900.00', '300.00', 'Ирина', '89152730474', 'irina@rivkin.ru', 'г Москва', 'москва', '125310', 'Пятницкое шоссе', '36 к. 1 кв 138', '', 'Курьерская доставка', 'Картой курьеру', 'false'),
(100, '2015-12-18 22:33:50', '49400.00', '300.00', 'Юлия', '89191053589', 'Jfomenko@list.ru', 'г Москва', 'Москва', '', '4й добрынинский переулок', '8', '', 'Курьерская доставка', 'Наличными курьеру', 'false'),
(101, '2015-12-19 01:08:03', '9950.00', '300.00', 'Татьяна', '89263400382', 'Trandachka@gmail.con', 'г Москва', 'Москва', '', 'Северный б-р', 'Д.7г стр.2', '3 этаж (Офисное здание)', 'Курьерская доставка', 'Наличными курьеру', 'false'),
(102, '2015-12-19 22:39:23', '24650.00', '300.00', 'Оксана', '89091566898', 'Ofeschenko@rosexpert.ru', 'г Москва', 'Москва', '', '1ая брестская', '29 кВ 37', '', 'Курьерская доставка', 'Картой курьеру', 'false'),
(103, '2015-12-20 22:35:36', '78200.00', '300.00', 'Татьяна', '89263268282', 'osina79@mail.ru', 'г Москва', 'Москва', '', 'Авангардная', 'д. 13 кв. 31', '', 'Курьерская доставка', 'Наличными курьеру', 'false'),
(104, '2015-12-21 12:28:39', '29800.00', '300.00', 'anna', '79671309512', 'maro-a@yandex.ru', 'г Москва', 'москва', '1111111', 'ясеневая', '41-2-460', '', 'Курьерская доставка', 'Наличными курьеру', 'false'),
(105, '2015-12-21 22:55:10', '26850.00', '300.00', 'Блия', '79857843418', 'Frolova_Y_N@goznak.ru', 'г Москва', 'Москва', '', 'Мытная 17', '', '', 'Курьерская доставка', 'Наличными курьеру', 'false'),
(106, '2015-12-22 00:12:36', '82300.00', '300.00', 'Надежда', '89164793156', 'Ustos8@mail.ru', 'г Москва', 'Москва', '', 'Трубная', '23/1', '', 'Курьерская доставка', 'Наличными курьеру', 'false'),
(107, '2015-12-22 19:38:56', '19900.00', '300.00', 'Анастасия', '89165227237', 'a.fan@mail.ru', 'г Москва', '', '', 'Мытная', '7/594', '', 'Курьерская доставка', 'Картой курьеру', 'false'),
(108, '2015-12-22 23:17:25', '13800.00', '0.00', 'Ольга', '79266078535', 'trophumova@rambler.ru', 'г Москва', '', '', '', '', '', 'Самовывоз', 'Картой курьеру', 'false'),
(109, '2015-12-22 23:20:03', '26800.00', '0.00', 'Ольга', '79266078535', 'trophumova@rambler.ru', 'г Москва', '', '', '', '', '', 'Самовывоз', 'Картой курьеру', 'false'),
(110, '2015-12-23 09:16:05', '46550.00', '300.00', 'Ольги', '89636586508', 'Krasnikova_o@mail.ru', 'г Москва', 'Москва', '', 'Варшавское шоссе', '9 стр 1Б', 'Просьба доставить в рабочее время (с 10 до 18часов)', 'Курьерская доставка', 'Наличными курьеру', 'false'),
(111, '2015-12-23 10:48:49', '65250.00', '300.00', 'Мария', '8-929-69-69-259', 'maria.laikova@gmail.com', 'г Москва', 'Москва', '', 'Ленинский проспект, 37', 'дом 37, кв. 309, этаж 6, подъезд 13', 'Уточните, пожалуйста:\n1)могу ли я при доставке курьером примерить платья, но не выкупать их, если не подошел размер?\n2) могу ли я заказать подгонку платья по размеру у вас, если уже купила его через доставку курьером?', 'Курьерская доставка', 'Картой курьеру', 'false'),
(112, '2015-12-24 12:10:51', '9950.00', '300.00', 'Евгения', '79255074244', 'Medvedeva.e.g@mail.ru', 'г Москва', 'Москва', '', 'Орликов пер.,', '1/11', 'Связь-Банк. Возможна ли доставка сегодня - максимум завтра в первой половине дня?', 'Курьерская доставка', 'Картой курьеру', 'false'),
(113, '2015-12-25 23:11:59', '9600.00', '300.00', 'Нурзада', '79264632393', 'nurzada@gmail.com', 'г Москва', '', '', 'Проспект Вернадского 97', '145', '', 'Курьерская доставка', 'Наличными курьеру', 'false'),
(114, '2015-12-25 23:16:15', '9600.00', '300.00', 'Нурзада', '79264632393', 'nurzada@gmail.com', 'г Москва', '', '', 'Проспект Вернадского 97', '145', '', 'Курьерская доставка', 'Наличными курьеру', 'false'),
(115, '2015-12-26 14:26:14', '21750.00', '300.00', 'Татьяна', '89104138507', 'Logvinova_t@rambler.ru', 'г Москва', 'Москва', '117246', 'Херсонская', '41, кв. 160', 'Доставка 31.12.2015 (если возможна). Длина на рост 170 (мой рост 178).', 'Курьерская доставка', 'Картой курьеру', 'false'),
(116, '2015-12-26 19:25:48', '68150.00', '300.00', 'Наталья', '9685212020', 'Natalia.r83@mail.ru', 'г Москва', '', '', 'Каховка', '13/8', '', 'Курьерская доставка', 'Наличными курьеру', 'false'),
(117, '2015-12-27 17:34:33', '24650.00', '300.00', 'Евгения', '79165731053', 'amur1977@inbox.ru', 'г Москва', 'Москва', '', 'Гримау', '2', 'Позвонить с проходной', 'Курьерская доставка', 'Наличными курьеру', 'false'),
(118, '2015-12-27 18:03:49', '47000.00', '0.00', 'Олеся', '79688290828', 'starzhinskaya@yandex.ru', 'г Москва', 'Москва', '125040', 'Правды', '26', 'я бы хотела сначала приехать в шоурум и примерить выбранные размеры. Заявку на посещение шоурума оставила на сайте. Жду звонка. Спасибо', 'Самовывоз', 'Наличными курьеру', 'false'),
(119, '2015-12-28 10:51:30', '-99999999.99', '300.00', 'Оксана', '79032806703', 'Ksusha_20.04@mail.ru', 'г Москва', 'Москва', '', 'Волгоградский проспект 76 корпус 2', '27', 'Возможна примерка и возврат курьеру, если непродовольственных размер? И очень бы хотелось доставку на 29число! Спасибо:)', 'Курьерская доставка', 'Наличными курьеру', 'false'),
(120, '2015-12-29 19:01:25', '47850.00', '300.00', 'Иван', '89996126070', 'torredo@inbox.ru', 'г Москва', '', '', '', '', '', 'Курьерская доставка', 'Картой on-line', 'false'),
(121, '2015-12-29 19:02:26', '19950.00', '300.00', 'test', '89996126070', 'torredo@inbox.ru', 'г Москва', '', '', '', '', '', 'Курьерская доставка', 'Картой on-line', 'false'),
(122, '2015-12-29 19:05:32', '34750.00', '300.00', 'ТЕСТ', '9996126070', 'torredo@inbox.ru', 'г Москва', '', '', '', '', '', 'Курьерская доставка', 'Картой on-line', 'false'),
(123, '2016-01-05 22:49:13', '26450.00', '300.00', 'Екатерина', '89031595747', 'eka1200@yandex.ru', 'г Москва', 'Д. Сабурово, ЖК ПЯТНИЦКИЕ КВАРТАЛЫ', '', 'Парковая', '6/120', 'Доставка на 9 января', 'Курьерская доставка', 'Картой курьеру', 'false'),
(124, '2016-01-06 15:18:09', '29450.00', '0.00', 'Татьяна', '79264360920', 't-sukhorukova@hotmail.co.uk', 'г Москва', 'Москва', '', 'Кутузовский проспект', 'Д.4/2 кВ. 71', '', 'Самовывоз', 'Картой курьеру', 'false'),
(125, '2016-01-08 08:50:05', '21750.00', '0.00', 'Nsbsjshsb Djjdbdnd', '74955635215', 'Aaaatest@gmail.com', 'г Москва', 'Moscow', 'Moscow', 'Red Sq 1', '', '', 'Самовывоз', 'Наличными курьеру', 'false'),
(126, '2016-01-08 16:37:18', '14900.00', '300.00', 'Мария', '89251585758', 'mariyastupak@gmail.com', 'г Москва', 'Москва', '129281', 'Изумрудная', '13-1-100', '', 'Курьерская доставка', 'Наличными курьеру', 'false'),
(127, '2016-01-09 14:03:10', '87900.00', '300.00', 'Анастасия', '89032215013', 'nastya.tolochko@mail.ru', 'г Москва', 'Москва', '105066', 'Спартаковская', '18', '', 'Курьерская доставка', 'Наличными курьеру', 'false'),
(128, '2016-01-09 14:18:13', '84650.00', '300.00', 'Юлия', '79295098033', 'c_yuliya@mail.ru', 'г Москва', 'Москва', '', 'Болотниковская', '36 корпус 3 кВ 219', 'Доставка с обязательной примеркой', 'Курьерская доставка', 'Наличными курьеру', 'false'),
(129, '2016-01-09 15:03:12', '14950.00', '0.00', 'Alexander Suyazov', '79151103026', 'soujazov.a@gmail.com', 'г Москва', 'Moscow', 'Moscow', 'Tallinskaya 2', '', '', 'Самовывоз', 'Наличными курьеру', 'false'),
(130, '2016-01-10 01:50:16', '9950.00', '300.00', 'Любовь', '89671948337', 'hlv8@yandex.ru', 'г Москва', 'Москва', '', 'Юрловский проезд', 'дом 21 кв 200', 'Доставка курьером,если возможно после 20:00', 'Курьерская доставка', 'Наличными курьеру', 'false'),
(131, '2016-01-10 02:11:08', '26700.00', '300.00', 'Элина', '9162418641', 'Elina27@yandex.ru', 'г Москва', '', '', '', '', '', 'Курьерская доставка', 'Наличными курьеру', 'false'),
(132, '2016-01-10 20:44:24', '17750.00', '0.00', 'Марина', '89168159999', 'Marina_rakova@yahoo.com', 'г Москва', '', '', '', '', '', 'Самовывоз', 'Наличными курьеру', 'false'),
(133, '2016-01-10 23:06:49', '14950.00', '300.00', 'Дарьч', '89611503050', 'Androsovad@gmail.com', 'г Москва', 'Москва', '', 'Барыковский пер', '9', '', 'Курьерская доставка', 'Картой курьеру', 'false'),
(134, '2016-01-11 12:35:35', '14550.00', '300.00', 'Алена', '4848484848', 'net@mail.ru', 'г Москва', '', '', '', '', '', 'Курьерская доставка', 'Наличными курьеру', 'false'),
(135, '2016-01-11 14:28:01', '9950.00', '0.00', 'Марина', '79854348570', 'm-gadlina23@yandex.ru', 'г Москва', '', '', '', '', '', 'Самовывоз', 'Картой курьеру', 'false'),
(136, '2016-01-12 14:55:25', '54700.00', '300.00', 'Юлия', '89265916974', 'Julia_hse@list.ru', 'г Москва', 'Москва', '125171', 'Ленинградское шоссе 16а', 'Блок 3 этаж 9', 'До 18.00 13.01.16,если возможно', 'Курьерская доставка', 'Наличными курьеру', 'false'),
(137, '2016-01-12 17:24:43', '36550.00', '300.00', 'Инна', '79037696686', '7696686@rambler.ru', 'г Москва', 'Москва', '123098', 'Маршала Новикова', '12-1-18а', '', 'Курьерская доставка', 'Наличными курьеру', 'false');

-- --------------------------------------------------------

--
-- Структура таблицы `install`
--
-- Создание: Ноя 16 2015 г., 13:49
-- Последнее обновление: Ноя 16 2015 г., 13:49
--

DROP TABLE IF EXISTS `install`;
CREATE TABLE IF NOT EXISTS `install` (
  `id` int(11) NOT NULL,
  `name` varchar(255) NOT NULL
) ENGINE=MyISAM AUTO_INCREMENT=2 DEFAULT CHARSET=utf8;

--
-- Дамп данных таблицы `install`
--

INSERT INTO `install` (`id`, `name`) VALUES
(1, 'GLZN');

-- --------------------------------------------------------

--
-- Структура таблицы `it_payment_ym`
--
-- Создание: Ноя 16 2015 г., 13:49
-- Последнее обновление: Ноя 16 2015 г., 13:49
--

DROP TABLE IF EXISTS `it_payment_ym`;
CREATE TABLE IF NOT EXISTS `it_payment_ym` (
  `id` int(11) NOT NULL,
  `operation_id` varchar(255) NOT NULL,
  `sender` varchar(255) NOT NULL,
  `amount` varchar(255) NOT NULL,
  `datetime` varchar(255) NOT NULL,
  `invoice_id` varchar(255) NOT NULL,
  `zakaz_id` varchar(255) NOT NULL
) ENGINE=MyISAM DEFAULT CHARSET=utf8;

-- --------------------------------------------------------

--
-- Структура таблицы `kurs`
--
-- Создание: Ноя 16 2015 г., 13:49
-- Последнее обновление: Ноя 16 2015 г., 13:49
--

DROP TABLE IF EXISTS `kurs`;
CREATE TABLE IF NOT EXISTS `kurs` (
  `id` int(11) NOT NULL,
  `name` varchar(20) NOT NULL,
  `sun` decimal(10,2) NOT NULL
) ENGINE=MyISAM AUTO_INCREMENT=4 DEFAULT CHARSET=utf8;

--
-- Дамп данных таблицы `kurs`
--

INSERT INTO `kurs` (`id`, `name`, `sun`) VALUES
(1, 'RUB', '1.00'),
(2, 'EUR', '69.89'),
(3, 'USD', '63.96');

-- --------------------------------------------------------

--
-- Структура таблицы `news`
--
-- Создание: Ноя 16 2015 г., 13:49
-- Последнее обновление: Ноя 16 2015 г., 13:49
--

DROP TABLE IF EXISTS `news`;
CREATE TABLE IF NOT EXISTS `news` (
  `id` int(11) NOT NULL,
  `date` date NOT NULL,
  `title` varchar(255) NOT NULL,
  `text` varchar(255) NOT NULL
) ENGINE=MyISAM AUTO_INCREMENT=3 DEFAULT CHARSET=utf8;

--
-- Дамп данных таблицы `news`
--

INSERT INTO `news` (`id`, `date`, `title`, `text`) VALUES
(1, '2015-10-23', 'Немецкое качество', 'Лучшее масло сезона'),
(2, '2015-10-29', 'Новое поступление масла', 'Поступила новая партия масла на наш склад');

-- --------------------------------------------------------

--
-- Структура таблицы `opt`
--
-- Создание: Ноя 16 2015 г., 13:49
-- Последнее обновление: Ноя 16 2015 г., 13:49
--

DROP TABLE IF EXISTS `opt`;
CREATE TABLE IF NOT EXISTS `opt` (
  `id` int(11) NOT NULL,
  `name` varchar(50) NOT NULL,
  `sun` decimal(10,2) NOT NULL
) ENGINE=MyISAM AUTO_INCREMENT=6 DEFAULT CHARSET=utf8;

--
-- Дамп данных таблицы `opt`
--

INSERT INTO `opt` (`id`, `name`, `sun`) VALUES
(1, 'Опт 1', '1.50'),
(2, 'Опт 2', '1.45'),
(3, 'Опт 3', '1.40'),
(4, 'Опт 4', '1.35'),
(5, 'Опт 5', '1.30');

-- --------------------------------------------------------

--
-- Структура таблицы `pages`
--
-- Создание: Ноя 16 2015 г., 13:49
-- Последнее обновление: Ноя 16 2015 г., 13:49
--

DROP TABLE IF EXISTS `pages`;
CREATE TABLE IF NOT EXISTS `pages` (
  `id` int(11) NOT NULL,
  `section` int(11) NOT NULL,
  `name` varchar(255) DEFAULT NULL,
  `text` text NOT NULL,
  `title` varchar(255) NOT NULL,
  `description` varchar(255) NOT NULL,
  `keywords` varchar(255) NOT NULL
) ENGINE=MyISAM AUTO_INCREMENT=7 DEFAULT CHARSET=utf8 ROW_FORMAT=COMPACT;

--
-- Дамп данных таблицы `pages`
--

INSERT INTO `pages` (`id`, `section`, `name`, `text`, `title`, `description`, `keywords`) VALUES
(1, 1, 'Подбор продукции', '<iframe src="http://rowe-mineraloel.lubricantadvisor.com/default.aspx?lang=rus&amp;p=0" width="840" height="1200" frameborder="0" marginwidth="0" marginheight="0" align="left"></iframe>', 'Подбор продукции', 'Подбор продукции', 'Подбор продукции'),
(2, 2, 'Сертификаты', '<br>', 'Сертификаты', 'Сертификаты', 'Сертификаты'),
(3, 3, 'Оплата и доставка', 'Только безналичная форма оплаты.<br><br>Общая система налогообложения включает НДС.<br><br>Отправка в любой регион России.<br><br>Доставка до транспортной компании.<br><br> Самовывоз.', 'Оплата и доставка', 'Оплата и доставка', 'Оплата и доставка'),
(4, 4, 'Контакты', '<p>г.Москва. Первый киллометр по Киевскому шоссе.</p> <p>Рынок ТК «Автомастер».</p> <p>Павилион Г20</p>', 'Контакты', 'Контакты', 'Контакты'),
(5, 5, 'Официальный поставщик масла ROWE', '<p style="margin-bottom: 0px; padding: 0px; border: 0px; font-stretch: inherit; vertical-align: baseline;">ROWE MINERALÖLWERK GMBH была основана в феврале 1995г в Флерсхайме-Дальсхайме. Благодаря успешной политики предприятия, выбранной генеральным директором и учредителем г-ном Михаелем Цее, компания быстро выросла и переехала в начале 2000 года в Бубенхайм.</p><p style="margin-bottom: 0px; padding: 0px; border: 0px; font-stretch: inherit; vertical-align: baseline;">Высокое качество продукции, короткие сроки поставки и привлекательные цены позволили компании пройти сертификацию по стандартам DIN EN ISO 9001:2008, ISO/TS 16949:2009 и ISO 14001 и стать признанным партнером крупных фирм в Германии и по всему миру. Южная и Восточная Европа, Ближний Восток, Азия и Южная Америка – главные рынки экспорта нашей продукции.</p><p style="margin-bottom: 0px; padding: 0px; border: 0px; font-stretch: inherit; vertical-align: baseline;">Менеджмент качества продукции осуществляется в масштабе целой компании ROWE MINERALÖLWERK GMBH. Подробное описание производственных процессов и их стадий обеспечивают одинаково высокое качество продукции. Постоянный и тесный контакт с клиентами помогает нам быстро реагировать и устранять возникающие слабые места.</p><p style="margin-bottom: 0px; padding: 0px; border: 0px; font-stretch: inherit; vertical-align: baseline;">В декабре 2013 года компания ROWE переехала в Вормс. 32 емкости для смешивания и 6 ультрасовременных установок для розлива делают завод на 82 тыс. кв.м территории (что соответствует 11 футбольным полям) одним из самых больших и современных заводов по производству смазочных материалов в Европе.</p>', 'Официальный поставщик масла ROWE', 'Официальный поставщик масла ROWE', 'Официальный поставщик масла ROWE'),
(6, 6, 'Корзина', 'Корзина', 'Корзина', 'Корзина', 'Корзина');

-- --------------------------------------------------------

--
-- Структура таблицы `pages_client`
--
-- Создание: Ноя 16 2015 г., 13:49
-- Последнее обновление: Ноя 18 2015 г., 10:51
--

DROP TABLE IF EXISTS `pages_client`;
CREATE TABLE IF NOT EXISTS `pages_client` (
  `id` int(11) NOT NULL,
  `img` varchar(100) NOT NULL,
  `name` varchar(100) NOT NULL,
  `text` varchar(255) NOT NULL,
  `year` varchar(4) NOT NULL
) ENGINE=MyISAM AUTO_INCREMENT=15 DEFAULT CHARSET=utf8;

--
-- Дамп данных таблицы `pages_client`
--

INSERT INTO `pages_client` (`id`, `img`, `name`, `text`, `year`) VALUES
(1, 'img/clients/1.jpg', 'Сати Казанова', 'Сати Казанова в платье glzn by galina zhondorova на церемонии награждения fashion tv', '2014'),
(8, 'img/clients/55cf3ea51af0e.jpg', 'Инесс', 'В такой одежде чувствуешь себя немного по-другому', '2014'),
(10, 'img/clients/55cf3f68139f4.jpg', 'Мария Болотская', 'Все комплименты в тот день были посвящены этому платью', '2014'),
(11, 'img/clients/55cf415c9b390.jpg', 'Елена Федорова', 'Какой-то особенный настрой в этом платье!', '2014'),
(12, 'img/clients/55cf4184750c7.jpg', 'Юлия', 'Это настоящее искусство — создавать такую одежду', '2014'),
(13, 'img/clients/55cf419fa49cd.jpg', 'Виктория Круглова', 'Люблю такие вещи — лаконичные, но очень стильные', '2014');

-- --------------------------------------------------------

--
-- Структура таблицы `pages_company`
--
-- Создание: Ноя 16 2015 г., 13:49
-- Последнее обновление: Ноя 16 2015 г., 13:49
--

DROP TABLE IF EXISTS `pages_company`;
CREATE TABLE IF NOT EXISTS `pages_company` (
  `id` int(11) NOT NULL,
  `img` varchar(1000) NOT NULL,
  `title` varchar(500) NOT NULL,
  `name` varchar(500) NOT NULL,
  `text` varchar(1500) NOT NULL
) ENGINE=MyISAM AUTO_INCREMENT=2 DEFAULT CHARSET=utf8;

--
-- Дамп данных таблицы `pages_company`
--

INSERT INTO `pages_company` (`id`, `img`, `title`, `name`, `text`) VALUES
(1, 'img/founder/563b767787422.jpg', 'ОСНОВАТЕЛЬ БРЕНДА', 'Галина Жондорова — молодая выпускница Британской Высшей школы искусства и дизайна и Института «Маран', 'Первая коллекция, вдохновлённая современной архитектурой и показанная Галиной на территории Института «Стрелка», произвела настоящий фурор, несмотря на минимализм представленных моделей. <br><br> Сегодня Галина полностью сконцентрирована на развитии своей именной марки, и для каждой коллекции она находит новые стилистические ходы, необычные фасоны и уникальные цветовые сочетания.');

-- --------------------------------------------------------

--
-- Структура таблицы `pages_contact`
--
-- Создание: Ноя 18 2015 г., 13:56
-- Последнее обновление: Ноя 18 2015 г., 22:04
--

DROP TABLE IF EXISTS `pages_contact`;
CREATE TABLE IF NOT EXISTS `pages_contact` (
  `id` int(11) NOT NULL,
  `phone` varchar(100) NOT NULL,
  `adres` varchar(100) NOT NULL,
  `email` varchar(255) NOT NULL,
  `fb` varchar(255) NOT NULL,
  `in` varchar(255) NOT NULL,
  `tw` varchar(255) NOT NULL,
  `vk` varchar(255) NOT NULL
) ENGINE=MyISAM AUTO_INCREMENT=2 DEFAULT CHARSET=utf8;

--
-- Дамп данных таблицы `pages_contact`
--

INSERT INTO `pages_contact` (`id`, `phone`, `adres`, `email`, `fb`, `in`, `tw`, `vk`) VALUES
(1, '+7 (495) 133-0299', 'г. Москва, Никольский пассаж<br> ул.Ветошный переулок дом 9 этаж 3', 'info@glzn.ru', 'http://www.facebook.com/glzndesign', 'http://www.instagram.com/glzn_design', 'https://twitter.com/glzn_design', 'http://vk.com/glzn_design');

-- --------------------------------------------------------

--
-- Структура таблицы `pages_dostavka`
--
-- Создание: Ноя 16 2015 г., 13:49
-- Последнее обновление: Ноя 20 2015 г., 14:47
--

DROP TABLE IF EXISTS `pages_dostavka`;
CREATE TABLE IF NOT EXISTS `pages_dostavka` (
  `id` int(11) NOT NULL,
  `title` varchar(100) NOT NULL,
  `ptitle` varchar(100) NOT NULL,
  `text` varchar(500) NOT NULL
) ENGINE=MyISAM AUTO_INCREMENT=2 DEFAULT CHARSET=utf8;

--
-- Дамп данных таблицы `pages_dostavka`
--

INSERT INTO `pages_dostavka` (`id`, `title`, `ptitle`, `text`) VALUES
(1, 'осуществляется по всей России.', 'Возможные варианты доставки:', 'Курьером (по Москве и ближайшему Подмосковью) — за 1-2 дня <br><br> Почта России — до 10 рабочих дней для срочного тарифа (доставка до ближайшего отделения Почты России) <br><br> Пони-Экспресс — в течение 3 рабочих дней (доставка курьером в любой регион России) <br><br> Стоимость доставки рассчитывается индивидуально в зависимости от заказа.');

-- --------------------------------------------------------

--
-- Структура таблицы `pages_philosophy`
--
-- Создание: Ноя 16 2015 г., 13:49
-- Последнее обновление: Ноя 16 2015 г., 13:49
--

DROP TABLE IF EXISTS `pages_philosophy`;
CREATE TABLE IF NOT EXISTS `pages_philosophy` (
  `id` int(11) NOT NULL,
  `img` varchar(1000) NOT NULL,
  `title` varchar(500) NOT NULL,
  `text` varchar(1500) NOT NULL,
  `fio` varchar(200) NOT NULL,
  `prof` varchar(50) NOT NULL
) ENGINE=MyISAM AUTO_INCREMENT=2 DEFAULT CHARSET=utf8;

--
-- Дамп данных таблицы `pages_philosophy`
--

INSERT INTO `pages_philosophy` (`id`, `img`, `title`, `text`, `fio`, `prof`) VALUES
(1, 'img/philosophy/563b79cdd274d.jpg', 'ФИЛОСОФИЯ', 'С каждым годом ритм жизни женщин мегаполиса ускоряется. Неудивительно, что на сегодняшний день женщине важна не только красота фасонов или отделки, но и функциональность одежды. <br><br> Разрабатывая дизайн, я не забываю о том, что мои клиентки будут носить эту одежду в реальной жизни — в офис, в кафе, на официальные мероприятия. Поэтому для меня очень важны такие категории, как комфортность и удобство. Но также для меня очень важно, чтобы моя одежда дарила женщине положительные эмоции и вдохновляла её. <br><br> Поэтому я и создала GLZN by Galina Zhondorova. Чтобы у каждой в жизни нашлось место для вдохновения.', 'Галина Жондорова', 'Дизайнер');

-- --------------------------------------------------------

--
-- Структура таблицы `pages_press`
--
-- Создание: Ноя 16 2015 г., 13:49
-- Последнее обновление: Ноя 16 2015 г., 13:49
--

DROP TABLE IF EXISTS `pages_press`;
CREATE TABLE IF NOT EXISTS `pages_press` (
  `id` int(11) NOT NULL,
  `img1` varchar(100) NOT NULL,
  `img2` varchar(100) NOT NULL,
  `text` varchar(255) NOT NULL
) ENGINE=MyISAM AUTO_INCREMENT=7 DEFAULT CHARSET=utf8;

--
-- Дамп данных таблицы `pages_press`
--

INSERT INTO `pages_press` (`id`, `img1`, `img2`, `text`) VALUES
(1, 'img/press/55d062ad41793.png', 'img/press/55d062ad419db.jpg', 'Силуэты в коллекции очень простые и свободные, без лишних деталей, подчёркивающие естественную красоту'),
(2, 'img/press/55d062b986df7.png', '', 'Дизайнер в очень интересно играла на сочетании подчеркнутой хрупкости (благодаря использованию over-sized элементов) и женственности фигуры (платье-футляр, брюки с завышенной талией)'),
(3, 'img/press/55d062ce8fb96.png', '', 'Без ума от этого пальто GLZN by Galina Zhondorova! Оно такое самодостаточное, что его можно носить с обычными джинсами и простой белой футболкой'),
(4, 'img/press/55d062dcc9d88.png', '', 'Коллекция создана для женщин, высоко ценящих свою индивидуальность, свободу и личную независимость'),
(5, 'img/press/55d062eddadfb.png', 'img/press/55d062eddbf99.jpg', 'В мероприятии участвовали талантливые молодые дизайнеры, выпускники Британской высшей школы дизайна. На показе были представлены коллекции женской одежды осень-зима-2013, созданные Галиной Жондоровой (бренд GLZN), Юлией Борискиной (бренд Yarega) и Катей Ш'),
(6, 'img/press/55d062ff258c6.png', 'img/press/55d062ff25ae9.jpg', '');

-- --------------------------------------------------------

--
-- Структура таблицы `pages_production`
--
-- Создание: Ноя 16 2015 г., 13:49
-- Последнее обновление: Ноя 16 2015 г., 13:49
--

DROP TABLE IF EXISTS `pages_production`;
CREATE TABLE IF NOT EXISTS `pages_production` (
  `id` int(11) NOT NULL,
  `img1` varchar(1000) NOT NULL,
  `img2` varchar(500) NOT NULL,
  `text` varchar(1500) NOT NULL
) ENGINE=MyISAM AUTO_INCREMENT=5 DEFAULT CHARSET=utf8;

--
-- Дамп данных таблицы `pages_production`
--

INSERT INTO `pages_production` (`id`, `img1`, `img2`, `text`) VALUES
(1, 'img/manufacturing/55d05c6d4f9fd.png', 'img/manufacturing/55d05c6d4fa09.jpg', 'Все вещи марки GLZN by Galina Zhondorova производятся всего в нескольких экземплярах.'),
(2, 'img/manufacturing/55d05c6d5528b.png', 'img/manufacturing/55d05c6d55298.jpg', 'Дизайн одежды разрабатывается лично Галиной Жондоровой'),
(3, 'img/manufacturing/55d05c6d5581a.png', 'img/manufacturing/55d05c6d55825.jpg', 'Швейное производство располагается в Москве'),
(4, 'img/manufacturing/55d05c6d57d04.png', 'img/manufacturing/55d05c6d57d0d.jpg', 'Для пошива используются исключительно итальянские и французские ткани (100% шёлк, шерсть, хлопок)');

-- --------------------------------------------------------

--
-- Структура таблицы `pages_sewing`
--
-- Создание: Ноя 16 2015 г., 13:49
-- Последнее обновление: Ноя 16 2015 г., 13:49
--

DROP TABLE IF EXISTS `pages_sewing`;
CREATE TABLE IF NOT EXISTS `pages_sewing` (
  `id` int(11) NOT NULL,
  `title` varchar(100) NOT NULL,
  `name` varchar(100) NOT NULL,
  `text` varchar(255) NOT NULL
) ENGINE=MyISAM AUTO_INCREMENT=2 DEFAULT CHARSET=utf8;

--
-- Дамп данных таблицы `pages_sewing`
--

INSERT INTO `pages_sewing` (`id`, `title`, `name`, `text`) VALUES
(1, 'ЕДИНСТВЕННЫЙ ЭКЗЕМПЛЯР —', 'В ВАШЕМ ГАРДЕРОБЕ', 'Основатель марки GLZN Галина Жондорова лично разработает дизайн вашего платья или любого другого предмета одежды. <br><br> А профессиональные портные сошьют вещь с учётом особенностей фигуры.');

-- --------------------------------------------------------

--
-- Структура таблицы `pages_show`
--
-- Создание: Ноя 16 2015 г., 13:49
-- Последнее обновление: Ноя 18 2015 г., 11:11
--

DROP TABLE IF EXISTS `pages_show`;
CREATE TABLE IF NOT EXISTS `pages_show` (
  `id` int(11) NOT NULL,
  `img` varchar(1000) NOT NULL,
  `name` varchar(100) NOT NULL,
  `text` varchar(255) NOT NULL
) ENGINE=MyISAM AUTO_INCREMENT=2 DEFAULT CHARSET=utf8;

--
-- Дамп данных таблицы `pages_show`
--

INSERT INTO `pages_show` (`id`, `img`, `name`, `text`) VALUES
(1, 'a:1:{i:0;s:26:"img/show/564c5cef2dfa4.jpg";}', 'ШОУ–РУМ', 'Шоу–рум GLZN by Galina Zhondorova в Никольском пассаже — место с совершенно особенной атмосферой и концептуальным дизайном. Здесь можно не только посмотреть последние коллекции, примерить и купить вещи, но и заказать услуги посадки по фигуре.');

-- --------------------------------------------------------

--
-- Структура таблицы `price`
--
-- Создание: Ноя 16 2015 г., 13:49
-- Последнее обновление: Янв 09 2016 г., 15:14
-- Последняя проверка: Дек 22 2015 г., 02:39
--

DROP TABLE IF EXISTS `price`;
CREATE TABLE IF NOT EXISTS `price` (
  `id` int(11) NOT NULL,
  `section` int(11) NOT NULL,
  `name` varchar(255) DEFAULT NULL,
  `nomer` varchar(20) NOT NULL,
  `size` varchar(50) NOT NULL,
  `price` decimal(10,2) NOT NULL,
  `text` text NOT NULL,
  `attr` text NOT NULL,
  `title` varchar(100) NOT NULL,
  `description` varchar(255) NOT NULL,
  `keywords` varchar(255) NOT NULL,
  `nn` int(11) NOT NULL,
  `best` int(11) NOT NULL
) ENGINE=MyISAM AUTO_INCREMENT=159 DEFAULT CHARSET=utf8 ROW_FORMAT=COMPACT;

--
-- Дамп данных таблицы `price`
--

INSERT INTO `price` (`id`, `section`, `name`, `nomer`, `size`, `price`, `text`, `attr`, `title`, `description`, `keywords`, `nn`, `best`) VALUES
(5, 1, 'Пальто из букле', 'B102', '42,44,46,48', '50000.00', '<p style="margin-bottom: 0px; padding: 0px; border: 0px; line-height: inherit; vertical-align: baseline;">- Дизайн одежды изготавливается лично Галиной Жондоровой.</p><p style="margin-bottom: 0px; padding: 0px; border: 0px; line-height: inherit; vertical-align: baseline;"><span style="margin: 0px; padding: 0px; border: 0px; line-height: 1.42857143; vertical-align: baseline;">- Швейное производство располагается в Москве.</span></p><p style="margin-bottom: 0px; padding: 0px; border: 0px; line-height: inherit; vertical-align: baseline;"><span style="margin: 0px; padding: 0px; border: 0px; line-height: 1.42857143; vertical-align: baseline;">-&nbsp;</span><span style="margin: 0px; padding: 0px; border: 0px; line-height: 1.42857143; vertical-align: baseline;">Для пошива используются исключительно итальянские и французские ткани (100% шёлк, шерсть, хлопок).</span></p>', 'a:1:{s:0:"";s:0:"";}', 'Пальто из букле', 'Пальто из букле', 'Пальто из букле', 2, 0),
(6, 1, 'Пальто из перфорированного хлопка', 'B101', '42,44,46,48', '50000.00', '<p style="margin-bottom: 0px; padding: 0px; border: 0px; line-height: inherit; vertical-align: baseline;">- Дизайн одежды изготавливается лично Галиной Жондоровой.</p><p style="margin-bottom: 0px; padding: 0px; border: 0px; line-height: inherit; vertical-align: baseline;"><span style="margin: 0px; padding: 0px; border: 0px; line-height: 1.42857143; vertical-align: baseline;">- Швейное производство располагается в Москве.</span></p><p style="margin-bottom: 0px; padding: 0px; border: 0px; line-height: inherit; vertical-align: baseline;"><span style="margin: 0px; padding: 0px; border: 0px; line-height: 1.42857143; vertical-align: baseline;">-&nbsp;</span><span style="margin: 0px; padding: 0px; border: 0px; line-height: 1.42857143; vertical-align: baseline;">Для пошива используются исключительно итальянские и французские ткани (100% шёлк, шерсть, хлопок).</span></p>', 'a:1:{s:0:"";s:0:"";}', 'Пальто из перфорированного хлопка', 'Пальто из перфорированного хлопка', 'Пальто из перфорированного хлопка', 3, 0),
(7, 1, 'Платье с вырезом на спине', 'B212', '42,46', '50000.00', '<p style="margin-bottom: 0px; padding: 0px; border: 0px; line-height: inherit; vertical-align: baseline;">- Дизайн одежды изготавливается лично Галиной Жондоровой.</p><p style="margin-bottom: 0px; padding: 0px; border: 0px; line-height: inherit; vertical-align: baseline;"><span style="margin: 0px; padding: 0px; border: 0px; line-height: 1.42857143; vertical-align: baseline;">- Швейное производство располагается в Москве.</span></p><p style="margin-bottom: 0px; padding: 0px; border: 0px; line-height: inherit; vertical-align: baseline;"><span style="margin: 0px; padding: 0px; border: 0px; line-height: 1.42857143; vertical-align: baseline;">-&nbsp;</span><span style="margin: 0px; padding: 0px; border: 0px; line-height: 1.42857143; vertical-align: baseline;">Для пошива используются исключительно итальянские и французские ткани (100% шёлк, шерсть, хлопок).</span></p>', 'a:1:{s:0:"";s:0:"";}', 'Платье с вырезом на спине', 'Платье с вырезом на спине', 'Платье с вырезом на спине', 1, 0),
(24, 17, 'Топ из джерси с круглой горловиной. Линия Basic.', '0315', '42,44,46,48', '6600.00', 'Возможно изготовление в других цветах на заказ.', 'a:1:{s:12:"Состав";s:37:"95% Вискоза, 5% Эластан";}', '', '', '', 3, 0),
(9, 10, 'Пальто-парка', '0125', '42,44,46,48', '37750.00', 'Пальто-парка из шерсти, утепленное.', 'a:1:{s:12:"Состав";s:17:"100% Шерсть";}', '', '', '', 0, 0),
(11, 10, 'Пальто из шерсти с английским воротником и застежкой на пуговицах', '0126', '42,44,46,48', '34750.00', '<div><span style="color: rgb(20, 24, 35); font-family: helvetica, arial, sans-serif; font-size: 13px; line-height: 18px;">Возможно изготовление в других цветах и размерах на заказ.</span></div><div><span style="color: rgb(20, 24, 35); font-family: helvetica, arial, sans-serif; font-size: 13px; line-height: 18px;">Возможно изготовление в утепленном варианте.</span></div>', 'a:1:{s:12:"Состав";s:17:"100% Шерсть";}', '', '', '', 0, 0),
(39, 10, 'Пальто-транформер, с застежкой на кнопке и поясе.', '0122', '42,44,46,48', '36750.00', '<div>Возможно изготовление в других цветах и размерах на заказ.</div><div>Возможно изготовление в утепленном варианте.</div><div><br></div>', 'a:1:{s:12:"Состав";s:17:"100% Шерсть";}', '', '', '', 0, 0),
(40, 3, 'Платье из шерсти двубортное, с застежкой на пуговицах', '02137', '42,44,46,48', '16750.00', 'Возможно изготовление в других цветах и размерах на заказ.', 'a:1:{s:12:"Состав";s:35:"95% Шерсть, 5% Эластан";}', '', '', '', 11, 0),
(84, 3, 'Платье-футляр из джерси с вырезом на спине', 'PF160210', '42,44,46,48', '11750.00', '<div><span style="line-height: 1.42857;">Бесплатная подгонка по фигуре в шоуруме</span><br></div><div>Бесплатное изготовление в других цветах на заказ&nbsp;</div><div>Возможно изготовление по меркам на заказ</div>', 'a:1:{s:12:"Состав";s:37:"95% Вискоза, 5% Эластан";}', '', '', '', 10, 0),
(14, 17, 'Топ из джерси', '0316', '42,44,46,48', '6900.00', '', 'a:1:{s:13:"Состав ";s:37:"95% Вискоза, 5% Эластан";}', '', '', '', 4, 0),
(87, 3, 'Платье из джерси расклешенное', 'PF160203', '42,44,46,48', '11750.00', '<div>Бесплатная подгонка по фигуре в шоуруме</div><div>Бесплатное изготовление в других цветах на заказ&nbsp;</div><div>Возможно изготовление по меркам на заказ</div>', 'a:1:{s:12:"Состав";s:37:"95% Вискоза, 5% Эластан";}', '', '', '', 4, 0),
(18, 3, 'Платье из шерсти, расшитое жемчугом сваровски', '02118', '42,44,46,48', '16900.00', 'Возможно изготовление в других цветах.', 'a:1:{s:12:"Состав";s:35:"95% Шерсть, 5% Эластан";}', '', '', '', 14, 0),
(20, 3, 'Платье из джерси, расклешенное, двухцветное', '02116', '42,44,46,48', '12450.00', 'Возможно изготовление в других цветах на заказ', 'a:1:{s:12:"Состав";s:37:"95% Вискоза, 5% Эластан";}', '', '', '', 17, 0),
(21, 3, 'Платье из джерси, с открытыми плечами', '02128', '42,44,46,48', '9600.00', 'Возможно изготовление в других цветах на заказ', 'a:1:{s:12:"Состав";s:37:"95% Вискоза, 5% Эластан";}', '', '', '', 19, 0),
(22, 3, 'Платье-футляр из джерси', '0261', '42,44,46,48', '9950.00', 'Возможно изготовление в других цветах на заказ.', 'a:1:{s:12:"Состав";s:37:"95% Вискоза, 5% Эластан";}', '', '', '', 20, 0),
(23, 9, 'Юбка из шерсти, расшитая жемчугом Swarovski', '0620', '42,44,46,48', '17750.00', '<div style="margin: 0px; padding: 0px; border: 0px; font-stretch: inherit; font-size: 16px; line-height: 16px; font-family: FuturaNew-Book, sans-serif; vertical-align: baseline; color: rgb(0, 0, 0);"><span style="margin: 0px; padding: 0px; border: 0px; font-style: inherit; font-variant: inherit; font-weight: inherit; font-stretch: inherit; font-size: inherit; line-height: 1.42857; font-family: inherit; vertical-align: baseline;">Бесплатная подгонка по фигуре в шоуруме</span><br></div><div style="margin: 0px; padding: 0px; border: 0px; font-stretch: inherit; font-size: 16px; line-height: 16px; font-family: FuturaNew-Book, sans-serif; vertical-align: baseline; color: rgb(0, 0, 0);">Возможно изготовление по меркам на заказ</div><div style="margin: 0px; padding: 0px; border: 0px; font-stretch: inherit; font-size: 16px; line-height: 16px; font-family: FuturaNew-Book, sans-serif; vertical-align: baseline; color: rgb(0, 0, 0);"><br></div><div style="margin: 0px; padding: 0px; border: 0px; font-stretch: inherit; font-size: 16px; line-height: 16px; font-family: FuturaNew-Book, sans-serif; vertical-align: baseline; color: rgb(0, 0, 0);">Другие товары на этой странице:&nbsp;<a href="http://glzn.ru/catalog/product/14" target="_blank" style="text-decoration: underline; font-weight: bold;">Топ из джерси с открытыми плечами</a></div>', 'a:1:{s:12:"Состав";s:35:"95% Шерсть, 5% Эластан";}', '', '', '', 1, 1),
(25, 3, 'Платье из шерстяного джерси с ассиметричным воротником', '02122', '42,44,46,48', '11750.00', 'Возможно изготовление в других цветах на заказ.', 'a:1:{s:12:"Состав";s:35:"95% Шерсть, 5% Эластан";}', '', '', '', 21, 0),
(26, 3, 'Платье из мягкого вязаного трикотажа с драпировкой на лифе', '02151', '42,44,46,48', '9950.00', 'Возможно изготовление в других цветах на заказ.', 'a:1:{s:12:"Состав";s:37:"95% Вискоза, 5% Эластан";}', '', '', '', 22, 0),
(27, 3, 'Платье из джерси. Линия basic.', '02121', '42,44,46,48', '9900.00', 'Возможно изготовление в других цветах на заказ.', 'a:1:{s:12:"Состав";s:37:"95% Вискоза, 5% Эластан";}', '', '', '', 23, 0),
(28, 3, 'Платье на запахе из джерси', '02130', '42,44,46,48', '11400.00', 'Возможно изготовление в других цветах на заказ.', 'a:1:{s:12:"Состав";s:37:"95% Вискоза, 5% Эластан";}', '', '', '', 24, 0),
(29, 3, 'Платье-рубашка', '02125', '42,44,46,48', '21750.00', 'Возможно изготовление в других цветах на заказ.', 'a:1:{s:12:"Состав";s:35:"95% Шерсть, 5% Эластан";}', '', '', '', 25, 0),
(86, 3, 'Платье из джерси с квадратным вырезом', 'PF160202', '42,44,46,48', '21750.00', '<div>Бесплатная подгонка по фигуре в шоуруме</div><div>Бесплатное изготовление в других цветах на заказ&nbsp;</div><div>Возможно изготовление по меркам на заказ</div>', 'a:1:{s:12:"Состав";s:37:"95% Вискоза, 5% Эластан";}', '', '', '', 3, 0),
(31, 3, 'Платье из джерси с контрастными манжетами и воротником', '02123', '42,44,46,48', '9650.00', 'Возможно изготовление в других цветах на заказ.', 'a:1:{s:12:"Состав";s:37:"95% Вискоза, 5% Эластан";}', '', '', '', 26, 0),
(32, 3, 'Платье из джерси расклешенное с контрастным лифом.', '02124', '42,44,46,48', '9800.00', 'Возможно изготовление в других цветах и размерах на заказ.', 'a:1:{s:12:"Состав";s:37:"95% Вискоза, 5% Эластан";}', '', '', '', 27, 0),
(33, 3, 'Платье из джерси двухцветное', '02129', '42,44,46,48', '9950.00', 'Возможно изготовление в других цветах и размерах на заказ.', 'a:1:{s:12:"Состав";s:37:"95% Вискоза, 5% Эластан";}', '', '', '', 28, 0),
(34, 3, 'Платье из джерси расшитое хрустальным жемчугом Swarovski', '02115', '42,44,46,48', '14700.00', 'Возможно изготовление в других цветах и размерах на заказ.', 'a:1:{s:12:"Состав";s:37:"95% Вискоза, 5% Эластан";}', '', '', '', 29, 0),
(35, 3, 'Платье из джерси с ассиметричным воротником, вышитым искусственным жемчугом', '02138', '42,44,46,48', '10500.00', 'Возможно изготовление в других цветах и размерах на заказ.', 'a:1:{s:12:"Состав";s:37:"95% Вискоза, 5% Эластан";}', '', '', '', 30, 0),
(37, 3, 'Платье из шерсти с декоративным бантом', '02139', '42,44,46,48', '19550.00', 'Возможно изготовление в других цветах и размерах на заказ.', 'a:1:{s:12:"Состав";s:17:"100% Шерсть";}', '', '', '', 31, 0),
(38, 10, 'Пальто двубортное прямое', '0121', '42,44,46,48', '39750.00', '<p>Возможно изготовление в других цветах и размерах на заказ.</p><p>Возможно изготовление в утепленном варианте.</p>', 'a:1:{s:12:"Состав";s:17:"100% Шерсть";}', '', '', '', 0, 0),
(42, 3, 'Платье из джерси с ассиметричным воротником', '02119', '42,44,46,48', '9950.00', 'Возможно изготовление в других цветах и размерах на заказ.', 'a:1:{s:12:"Состав";s:37:"95% Вискоза, 5% Эластан";}', '', '', '', 32, 0),
(43, 3, 'Платье из джерси с открытыми плечами', '02127', '42,44,46,48', '9950.00', 'Возможно изготовление в других цветах и размерах на заказ.', 'a:1:{s:12:"Состав";s:37:"95% Вискоза, 5% Эластан";}', '', '', '', 33, 0),
(44, 3, 'Платье-футляр из джерси с геометричным вырезом', '02117', '42,44,46,48', '9950.00', 'Возможно изготовление в других цветах и размерах на заказ.', 'a:1:{s:12:"Состав";s:37:"95% Вискоза, 5% Эластан";}', '', '', '', 34, 0),
(45, 3, 'Вечернее платье из джерси', '0215', '42,44,46,48', '21750.00', 'Возможно изготовление в других цветах и размерах на заказ.', 'a:1:{s:12:"Состав";s:37:"95% Вискоза, 5% Эластан";}', '', '', 'Вечернее платье из джерси; вечернее платье', 12, 0),
(46, 3, 'Вечернее платье с открытыми плечами и внутренним корсетом', '02135', '42,44,46,48', '57700.00', '<p>Возможно изготовление в других размерах и цветах на заказ.</p><p>Возможно изготовление из другой ткани на заказ.</p>', 'a:1:{s:12:"Состав";s:42:"95% Полиэстер, 5% Эластан.";}', '', '', 'Вечернее платье', 13, 0),
(47, 3, 'Вечернее платье с вышивкой по лифу', '02160', '42,44,46,48', '64500.00', '<p>Изготавливается только по вашим меркам с подбором ткани и цвета.</p><p><br></p>', 'a:2:{s:21:"Состав юбки";s:13:"100% Шелк";s:21:"Состав лифа";s:19:"100% Вискоза";}', '', '', 'Вечернее платье', 15, 0),
(48, 9, 'Юбка из шелковой органзы', '0617', '44', '47700.00', '<p>Возможно изготовление по меркам на заказ</p><p>Возможно изготовление в других цветах.</p>', 'a:1:{s:12:"Состав";s:13:"100% Шелк";}', '', '', '', 5, 0),
(49, 9, 'Юбка-трапеция из букле', '0618', '42,44,46,48', '14950.00', '<p>Возможно изготовление по вашим меркам.</p><p><br></p>', 'a:1:{s:12:"Состав";s:35:"95% Шерсть, 5% Эластан";}', '', '', '', 6, 0),
(50, 3, 'Платье из джерси, расшитое жемчугом Swarovski', '02146', '42,44,46,48', '14700.00', '<p>Возможно изготовление по вашим меркам.</p><p>Возможно изготовление в других цветах на заказ.</p>', 'a:1:{s:12:"Состав";s:37:"95% Вискоза, 5% Эластан";}', '', '', '', 35, 0),
(51, 3, 'Платье из кружева с подкладом из шерсти', '02147', '42,44,46,48', '21900.00', 'Возможно изготовление по вашим меркам.', 'a:1:{s:0:"";s:0:"";}', '', '', 'Вечернее платье', 16, 0),
(52, 3, 'Платье-рубашка из шерсти, расклешенное', '02149', '42,44,46,48', '15900.00', '<div>Возможно изготовление по вашим меркам.</div><div><br></div><div>Возможно изготовление в других цветах на заказ.</div>', 'a:1:{s:12:"Состав";s:35:"95% Шерсть, 5% Эластан";}', '', '', '', 36, 0),
(53, 10, 'Пальто силуэта трапеция с ассимтеричным элементом', '0124', '42,44,46,48', '29750.00', '<div>Возможно изготовление по вашим меркам.</div><div><br></div><div>Возможно изготовление в других цветах на заказ.</div>', 'a:1:{s:12:"Состав";s:17:"100% Шерсть";}', '', '', '', 0, 0),
(55, 10, 'Пальто из шерсти с застежкой на кнопках', '0113', '42,44,46,48', '32750.00', '<div>Возможно изготовление по вашим меркам.</div><div><span style="line-height: 1.42857;">Возможно изготовление в других цветах на заказ.</span><br></div><div>Возможно изготовление в утепленном варианте.</div>', 'a:2:{s:25:"Состав пальто";s:17:"100% Шерсть";s:29:"Состав подклада";s:19:"100% вискоза";}', '', '', '', 0, 0),
(83, 11, 'Платье-футляр из джерси с вырезом на спине', 'PF160210', '42,44,46,48', '11750.00', '', 'a:1:{s:12:"Состав";s:37:"95% Вискоза, 5% Эластан";}', '', '', '', 11, 1),
(57, 3, 'Платье из джерси. Линия basic.', '02168', '42,44,46,48', '9500.00', '<div>Возможно изготовление по вашим меркам.</div><div>Возможно изготовление в других цветах на заказ.</div>', 'a:1:{s:12:"Состав";s:37:"95% Вискоза, 5% Эластан";}', '', '', '', 37, 0),
(58, 3, 'Платье из джерси', '02167', '42,44,46,48', '14900.00', '<div>Возможно изготовление по вашим меркам.</div><div>Возможно изготовление в других цветах на заказ.</div>', 'a:1:{s:12:"Состав";s:17:"100% Шерсть";}', '', '', '', 38, 0),
(59, 3, 'Платье расклешенное с декоративным элементом из шелковой органзы', '02166', '42,44,46,48', '18500.00', '<div>Возможно изготовление по вашим меркам.</div><div>Возможно изготовление в других цветах на заказ.</div>', 'a:1:{s:12:"Состав";s:35:"95% Шерсть, 5% Эластан";}', '', '', '', 18, 0),
(60, 10, 'Пальто из шерсти двубортное прямого силуэта', '0123', '42,44,46,48', '39750.00', '<p>Возможно изготовление в другом цвете и размерах на заказ</p><p>Возможен пошив по вашим меркам на заказ</p>', 'a:1:{s:12:"Состав";s:17:"100% Шерсть";}', '', '', '', 0, 0),
(61, 10, 'Пальто из шерсти на поясе', '0119', '42,44,46,48', '36750.00', '<p>Возможно изготовление в других размерах и цветах на заказ</p><p>Возможно изготовление по вашим меркам на заказ</p><p>Возможно изготовление в утепленном варианте (38 750 руб.)</p>', 'a:1:{s:12:"Состав";s:17:"100% Шерсть";}', '', '', '', 0, 0),
(94, 3, 'Платье из джерси, расклешенное в пол', 'PF160212', '42,44,46,48', '47750.00', '<div>Бесплатная подгонка по фигуре в шоуруме</div><div>Бесплатное изготовление в других цветах на заказ&nbsp;</div><div>Возможно изготовление по меркам на заказ</div>', 'a:1:{s:12:"Состав";s:35:"95% Шерсть, 5% Эластан";}', '', '', '', 40, 0),
(95, 3, 'Платье-футляр из джерси', 'PF160213', '42,44,46,48', '9950.00', '<div>Бесплатная подгонка по фигуре в шоуруме</div><div>Бесплатное изготовление в других цветах на заказ&nbsp;</div><div>Возможно изготовление по меркам на заказ</div>', 'a:1:{s:12:"Состав";s:37:"95% Вискоза, 5% Эластан";}', '', '', '', 41, 0),
(96, 3, 'Платье из джерси с застежкой-молнией', 'PF160214', '42,44,46,48', '12500.00', '<div>Бесплатная подгонка по фигуре в шоуруме</div><div>Бесплатное изготовление в других цветах на заказ&nbsp;</div><div>Возможно изготовление по меркам на заказ</div>', 'a:1:{s:12:"Состав";s:37:"95% Вискоза, 5% Эластан";}', '', '', '', 42, 0),
(64, 10, 'Пальто с воротником на поясе', 'PF160101', '42,44,46,48', '36950.00', '<div style="margin: 0px; padding: 0px; border: 0px; font-stretch: inherit; font-size: 16px; line-height: 16px; font-family: FuturaNew-Book, sans-serif; vertical-align: baseline; color: rgb(0, 0, 0);">Возможно изготовление по вашим меркам.</div><div style="margin: 0px; padding: 0px; border: 0px; font-stretch: inherit; font-size: 16px; line-height: 16px; font-family: FuturaNew-Book, sans-serif; vertical-align: baseline; color: rgb(0, 0, 0);">Возможно изготовление в других цветах на заказ.</div>', 'a:1:{s:12:"Состав";s:17:"100% Шерсть";}', '', '', '', 0, 0),
(73, 9, 'Юбка из шелковой органзы', 'PF160604', '42,44,46,48', '47850.00', '<div style="margin: 0px; padding: 0px; border: 0px; font-stretch: inherit; font-size: 16px; line-height: 16px; font-family: FuturaNew-Book, sans-serif; vertical-align: baseline; color: rgb(0, 0, 0);">Возможно изготовление по вашим меркам.</div><div style="margin: 0px; padding: 0px; border: 0px; font-stretch: inherit; font-size: 16px; line-height: 16px; font-family: FuturaNew-Book, sans-serif; vertical-align: baseline; color: rgb(0, 0, 0);">Возможно изготовление в других цветах на заказ.</div><div style="margin: 0px; padding: 0px; border: 0px; font-stretch: inherit; font-size: 16px; line-height: 16px; font-family: FuturaNew-Book, sans-serif; vertical-align: baseline; color: rgb(0, 0, 0);">Другие товары на этой странице:&nbsp;<a href="http://glzn.ru/catalog/product/74" target="_blank" style="font-weight: bold; text-decoration: underline;">топ из шерстяного джерси с открытой спиной</a><a href="http://glzn.ru/catalog/product/74" target="_blank" style="font-weight: bold; text-decoration: underline;"></a></div>', 'a:1:{s:12:"Состав";s:13:"100% Шелк";}', '', '', '', 3, 1),
(97, 3, 'Платье из джерси с декоративным элементом из шелковой органзы', 'PF160216', '42,44,46,48', '14700.00', '<div>Бесплатная подгонка по фигуре в шоуруме</div><div>Бесплатное изготовление в других цветах на заказ&nbsp;</div><div>Возможно изготовление по меркам на заказ</div>', 'a:2:{s:25:"Состав платья";s:37:"95% Вискоза, 5% Эластан";s:56:"Состав декоративного элемента";s:13:"100% Шелк";}', '', '', '', 43, 0),
(85, 3, 'Платье из джерси, расшитое искуственным жемчугом', 'PF160201', '42,44,46,48', '14950.00', '<div><span style="line-height: 1.42857;">Бесплатная подгонка по фигуре в шоуруме</span><br></div><div>Бесплатное изготовление в других цветах на заказ&nbsp;</div><div>Возможно изготовление по меркам на заказ</div>', 'a:1:{s:12:"Состав";s:37:"95% Вискоза, 5% Эластан";}', '', '', '', 2, 0),
(88, 3, 'Платье из джерси расклешенное с контрастным воротником', 'PF160204', '42,44,46,48', '9950.00', '<div>Бесплатная подгонка по фигуре в шоуруме</div><div>Бесплатное изготовление в других цветах на заказ&nbsp;</div><div>Возможно изготовление по меркам на заказ</div>', 'a:1:{s:12:"Состав";s:37:"95% Вискоза, 5% Эластан";}', '', '', '', 5, 0),
(89, 3, 'Платье прямое с V-образным вырезом', 'PF160206', '42,44,46', '16750.00', '<div>Бесплатная подгонка по фигуре в шоуруме</div><div>Бесплатное изготовление в других цветах на заказ&nbsp;</div><div>Возможно изготовление по меркам на заказ</div>', 'a:1:{s:12:"Состав";s:35:"95% Шерсть, 5% Эластан";}', '', '', '', 6, 0),
(90, 3, 'Платье расклешенное, расшитое квадратными бусинами', 'PF160207', '42,44,46,48', '15950.00', '<div>Бесплатная подгонка по фигуре в шоуруме</div><div>Бесплатное изготовление в других цветах на заказ&nbsp;</div><div>Возможно изготовление по меркам на заказ</div>', 'a:1:{s:12:"Состав";s:37:"95% Вискоза, 5% Эластан";}', '', '', '', 7, 0),
(91, 3, 'Платье из шерсти с декоративными карманами Limited edition', 'PF160208', '42,44,46,48', '16950.00', '<div>Бесплатная подгонка по фигуре в шоуруме</div><div>Бесплатное изготовление в других цветах на заказ&nbsp;</div><div>Возможно изготовление по меркам на заказ</div>', 'a:1:{s:12:"Состав";s:17:"100% Шерсть";}', '', '', '', 8, 0),
(92, 3, 'Платье из джерси, расклешенное с пайетками', 'PF160209', '42,44,46,48', '14750.00', '<div>Бесплатная подгонка по фигуре в шоуруме</div><div>Бесплатное изготовление в других цветах на заказ&nbsp;</div><div>Возможно изготовление по меркам на заказ</div>', 'a:1:{s:12:"Состав";s:37:"95% Вискоза, 5% Эластан";}', '', '', '', 9, 0),
(93, 3, 'Вечернее платье из джерси с вырезом на спине', 'PF160211', '42,44,46,48', '21750.00', '<div>Бесплатная подгонка по фигуре в шоуруме</div><div>Бесплатное изготовление в других цветах на заказ&nbsp;</div><div>Возможно изготовление по меркам на заказ</div>', 'a:1:{s:12:"Состав";s:37:"95% Вискоза, 5% Эластан";}', '', '', '', 39, 0),
(71, 9, 'Юбка из шелковой органзы', 'PF160603', '42,44,46,48', '47850.00', '<div style="margin: 0px; padding: 0px; border: 0px; font-stretch: inherit; font-size: 16px; line-height: 16px; font-family: FuturaNew-Book, sans-serif; vertical-align: baseline; color: rgb(0, 0, 0);">Возможно изготовление по вашим меркам.</div><div style="margin: 0px; padding: 0px; border: 0px; font-stretch: inherit; font-size: 16px; line-height: 16px; font-family: FuturaNew-Book, sans-serif; vertical-align: baseline; color: rgb(0, 0, 0);">Возможно изготовление в других цветах на заказ.</div><div style="margin: 0px; padding: 0px; border: 0px; font-stretch: inherit; font-size: 16px; line-height: 16px; font-family: FuturaNew-Book, sans-serif; vertical-align: baseline; color: rgb(0, 0, 0);">Другие товары:&nbsp;<a href="http://glzn.ru/catalog/product/72" target="_blank" style="font-weight: bold; text-decoration: underline;">топ с открытыми плечами и внутренним корсетом</a><a href="http://glzn.ru/catalog/product/72" target="_blank" style="font-weight: bold; text-decoration: underline;"></a><a href="http://glzn.ru/catalog/product/71" target="_blank" style="margin: 0px; padding: 0px; border: 0px; font-weight: bold; font-stretch: inherit; vertical-align: baseline; text-decoration: underline; color: inherit;"></a><br></div>', 'a:1:{s:12:"Состав";s:13:"100% Шелк";}', '', '', '', 4, 0),
(72, 17, 'Топ с открытыми плечами и внутренним корсетом', 'PF160303', '42,44,46,48', '19950.00', '<div style="margin: 0px; padding: 0px; border: 0px; font-stretch: inherit; font-size: 16px; line-height: 16px; font-family: FuturaNew-Book, sans-serif; vertical-align: baseline; color: rgb(0, 0, 0);">Возможно изготовление по вашим меркам.</div><div style="margin: 0px; padding: 0px; border: 0px; font-stretch: inherit; font-size: 16px; line-height: 16px; font-family: FuturaNew-Book, sans-serif; vertical-align: baseline; color: rgb(0, 0, 0);">Возможно изготовление в других цветах на заказ.</div><div style="margin: 0px; padding: 0px; border: 0px; font-stretch: inherit; font-size: 16px; line-height: 16px; font-family: FuturaNew-Book, sans-serif; vertical-align: baseline; color: rgb(0, 0, 0);">Другие товары: <a href="http://glzn.ru/catalog/product/71" target="_blank" style="font-weight: bold; text-decoration: underline;">юбка из шелковой органзы</a></div>', 'a:1:{s:0:"";s:0:"";}', '', '', '', 1, 0),
(74, 17, 'Топ из шерстяного джерси с открытой спиной', 'PF160304', '42,44,46,48', '7950.00', '<div style="margin: 0px; padding: 0px; border: 0px; font-stretch: inherit; font-size: 16px; line-height: 16px; font-family: FuturaNew-Book, sans-serif; vertical-align: baseline; color: rgb(0, 0, 0);">Возможно изготовление по вашим меркам.</div><div style="margin: 0px; padding: 0px; border: 0px; font-stretch: inherit; font-size: 16px; line-height: 16px; font-family: FuturaNew-Book, sans-serif; vertical-align: baseline; color: rgb(0, 0, 0);">Возможно изготовление в других цветах на заказ.</div><div style="margin: 0px; padding: 0px; border: 0px; font-stretch: inherit; font-size: 16px; line-height: 16px; font-family: FuturaNew-Book, sans-serif; vertical-align: baseline; color: rgb(0, 0, 0);">другие товары на этой странице:&nbsp;<a href="http://glzn.ru/catalog/product/73" target="_blank" style="font-weight: bold; text-decoration: underline;">Юбка из шелковой органзы</a></div>', 'a:1:{s:0:"";s:0:"";}', '', '', '', 2, 0),
(75, 9, 'Юбка из шерсти, расшитая искуственным жемчугом', 'PF160605', '42,44,46,48', '14950.00', '<div style="margin: 0px; padding: 0px; border: 0px; font-stretch: inherit; font-size: 16px; line-height: 16px; font-family: FuturaNew-Book, sans-serif; vertical-align: baseline; color: rgb(0, 0, 0);">Возможно изготовление по вашим меркам.</div><div style="margin: 0px; padding: 0px; border: 0px; font-stretch: inherit; font-size: 16px; line-height: 16px; font-family: FuturaNew-Book, sans-serif; vertical-align: baseline; color: rgb(0, 0, 0);">Возможно изготовление в других цветах на заказ.</div><div style="margin: 0px; padding: 0px; border: 0px; font-stretch: inherit; font-size: 16px; line-height: 16px; font-family: FuturaNew-Book, sans-serif; vertical-align: baseline; color: rgb(0, 0, 0);">Другие товары на этой странице:&nbsp;<a href="http://glzn.ru/catalog/product/72" target="_blank" style="font-weight: bold; text-decoration: underline;">топ с открытыми плечами и внутренним корсетом</a><a href="http://glzn.ru/catalog/product/73" target="_blank" style="margin: 0px; padding: 0px; border: 0px; font-style: inherit; font-variant: inherit; font-weight: bold; font-stretch: inherit; font-size: inherit; line-height: inherit; font-family: inherit; vertical-align: baseline; text-decoration: underline; color: inherit;"></a></div>', 'a:1:{s:12:"Состав";s:17:"100% Шерсть";}', '', '', '', 2, 0),
(105, 3, 'Платье из джерси с круглой горловиной и расклешенной юбкой', 'PF160224', '42,44,46,48', '9950.00', '<div>Бесплатная подгонка по фигуре в шоуруме</div><div>Бесплатное изготовление в других цветах на заказ&nbsp;</div><div>Возможно изготовление по меркам на заказ</div>', 'a:1:{s:12:"Состав";s:37:"95% Вискоза, 5% Эластан";}', '', '', '', 51, 0),
(106, 3, 'Юбка-годе из костюмной шерсти', 'PF160601', '42,44,46,48', '14950.00', '<div>Бесплатная подгонка по фигуре в шоуруме</div><div>Бесплатное изготовление в других цветах на заказ&nbsp;</div><div>Возможно изготовление по меркам на заказ</div>', 'a:1:{s:12:"Состав";s:17:"100% Шерсть";}', '', '', '', 52, 0),
(104, 3, 'Платье из джерси, расшитой искуственным жемчугом', 'PF160223', '42,44,46,48', '16900.00', '<div>Бесплатная подгонка по фигуре в шоуруме</div><div>Бесплатное изготовление в других цветах на заказ&nbsp;</div><div>Возможно изготовление по меркам на заказ</div>', 'a:1:{s:12:"Состав";s:37:"95% Вискоза, 5% Эластан";}', '', '', '', 50, 0),
(102, 3, 'Вечернее платье из джерси', 'PF160221', '42,44,46,48', '21750.00', '<div>Бесплатная подгонка по фигуре в шоуруме</div><div>Бесплатное изготовление в других цветах на заказ&nbsp;</div><div>Возможно изготовление по меркам на заказ</div>', 'a:1:{s:12:"Состав";s:37:"95% Вискоза, 5% Эластан";}', '', '', '', 48, 0),
(103, 3, 'Платье из французского кружева шантильи с подкладом из шерсти и внутренним корсетом', 'PF160222', '42,44,46,48', '27500.00', '<div>Бесплатная подгонка по фигуре в шоуруме</div><div>Бесплатное изготовление в других цветах на заказ&nbsp;</div><div>Возможно изготовление по меркам на заказ</div>', 'a:1:{s:0:"";s:0:"";}', '', '', '', 49, 0),
(100, 3, 'Платье из джерси, расшитое искуственным жемчугом', 'PF160219', '42,44,46,48', '14550.00', '<div>Бесплатная подгонка по фигуре в шоуруме</div><div>Бесплатное изготовление в других цветах на заказ&nbsp;</div><div>Возможно изготовление по меркам на заказ</div>', 'a:1:{s:12:"Состав";s:37:"95% Вискоза, 5% Эластан";}', '', '', '', 46, 0),
(101, 3, 'Вечернее платье из дикого шелка', 'PF160220', '42,44,46,48', '57750.00', '<div>Бесплатная подгонка по фигуре в шоуруме</div><div>Бесплатное изготовление в других цветах на заказ&nbsp;</div><div>Возможно изготовление по меркам на заказ</div>', 'a:1:{s:12:"Состав";s:13:"100% Шелк";}', '', '', '', 47, 0),
(98, 3, 'Платье из шерсти с декоративной застежкой на пуговицах', 'PF160217', '42,44,46,48', '16750.00', '<div>Бесплатная подгонка по фигуре в шоуруме</div><div>Бесплатное изготовление в других цветах на заказ&nbsp;</div><div>Возможно изготовление по меркам на заказ</div>', 'a:1:{s:12:"Состав";s:17:"100% Шерсть";}', '', '', '', 44, 0),
(99, 3, 'Платье из шерсти с декоративной застежкой на пуговицах', 'PF160218', '42,44,46,48', '17750.00', '<div>Бесплатная подгонка по фигуре в шоуруме</div><div>Бесплатное изготовление в других цветах на заказ&nbsp;</div><div>Возможно изготовление по меркам на заказ</div>', 'a:1:{s:12:"Состав";s:17:"100% Шерсть";}', '', '', '', 45, 0),
(107, 3, 'Юбка из металлизированного шифона Limited Edition', 'PF160602', '42,44,46,48', '24950.00', '<div>Бесплатная подгонка по фигуре в шоуруме</div><div>Бесплатное изготовление в других цветах на заказ&nbsp;</div><div>Возможно изготовление по меркам на заказ</div>', 'a:1:{s:12:"Состав";s:23:"100% полиэстер";}', '', '', '', 53, 0),
(108, 3, 'Юбка из шелковой органзы', 'PF160603', '42,44,46,48', '47850.00', '<div>Бесплатная подгонка по фигуре в шоуруме</div><div>Бесплатное изготовление в других цветах на заказ&nbsp;</div><div>Возможно изготовление по меркам на заказ</div>', 'a:1:{s:12:"Состав";s:13:"100% Шелк";}', '', '', '', 54, 0),
(109, 3, 'Юбка из шелковой органзы', 'PF160604', '42,44,46,48', '47850.00', '<div>Бесплатная подгонка по фигуре в шоуруме</div><div>Бесплатное изготовление в других цветах на заказ&nbsp;</div><div>Возможно изготовление по меркам на заказ</div>', 'a:1:{s:12:"Состав";s:13:"100% Шелк";}', '', '', '', 55, 0),
(110, 3, 'Юбка из шерсти, расшитая искуственным жемчугом', 'PF160605', '42,44,46,48', '14950.00', '<div>Бесплатная подгонка по фигуре в шоуруме</div><div>Бесплатное изготовление в других цветах на заказ&nbsp;</div><div>Возможно изготовление по меркам на заказ</div>', 'a:1:{s:12:"Состав";s:17:"100% Шерсть";}', '', '', '', 56, 0),
(111, 3, 'Юбка из шерсти', 'PF160606', '42,44,46,48', '14500.00', '<div>Бесплатная подгонка по фигуре в шоуруме</div><div>Бесплатное изготовление в других цветах на заказ&nbsp;</div><div>Возможно изготовление по меркам на заказ</div>', 'a:1:{s:12:"Состав";s:17:"100% Шерсть";}', '', '', '', 57, 0),
(112, 3, 'Топ из шерстяного джерси с ассиметричным вырезом', 'PF160301', '42,44,46,48', '7500.00', '<div>Бесплатная подгонка по фигуре в шоуруме</div><div>Бесплатное изготовление в других цветах на заказ&nbsp;</div><div>Возможно изготовление по меркам на заказ</div>', 'a:1:{s:12:"Состав";s:35:"95% Шерсть, 5% Эластан";}', '', '', '', 58, 0),
(113, 3, 'Топ из джерси', 'PF160302', '42,44,46,48', '6450.00', '<div>Бесплатная подгонка по фигуре в шоуруме</div><div>Бесплатное изготовление в других цветах на заказ&nbsp;</div><div>Возможно изготовление по меркам на заказ</div>', 'a:1:{s:12:"Состав";s:37:"95% Вискоза, 5% Эластан";}', '', '', '', 59, 0),
(114, 3, 'Топ с открытыми плечами и внутренним корсетом', 'PF160303', '42,44,46,48', '19550.00', '<div>Бесплатная подгонка по фигуре в шоуруме</div><div>Бесплатное изготовление в других цветах на заказ&nbsp;</div><div>Возможно изготовление по меркам на заказ</div>', 'a:1:{s:12:"Состав";s:0:"";}', '', '', '', 60, 0),
(115, 3, 'Топ из шерстяного джерси с открытой спиной', 'PF160304', '42,44,46,48', '7950.00', '<div>Бесплатная подгонка по фигуре в шоуруме</div><div>Бесплатное изготовление в других цветах на заказ&nbsp;</div><div>Возможно изготовление по меркам на заказ</div>', 'a:1:{s:12:"Состав";s:35:"95% Шерсть, 5% Эластан";}', '', '', '', 61, 0),
(116, 3, 'Топ из джерси', 'PF160306', '42,44,46,48', '6900.00', '<div>Бесплатная подгонка по фигуре в шоуруме</div><div>Бесплатное изготовление в других цветах на заказ&nbsp;</div><div>Возможно изготовление по меркам на заказ</div>', 'a:1:{s:12:"Состав";s:37:"95% Вискоза, 5% Эластан";}', '', '', '', 62, 0),
(117, 12, 'Платье из французского кружева шантильи с подкладом из шерсти и внутренним корсетом', 'PF160222', '42,44,46,48', '27500.00', '<div>Бесплатная подгонка по фигуре в шоуруме</div><div>Бесплатное изготовление в других цветах на заказ&nbsp;</div><div>Возможно изготовление по меркам на заказ</div>', 'a:1:{s:0:"";s:0:"";}', '', '', '', 117, 0),
(118, 12, 'Вечернее платье из джерси', 'PF160221', '42,44,46,48', '21750.00', '<div>Бесплатная подгонка по фигуре в шоуруме</div><div>Бесплатное изготовление в других цветах на заказ&nbsp;</div><div>Возможно изготовление по меркам на заказ</div>', 'a:1:{s:12:"Состав";s:37:"95% Вискоза, 5% Эластан";}', '', '', '', 118, 0),
(119, 12, 'Вечернее платье из дикого шелка', 'PF160220', '', '57750.00', '<div>Бесплатная подгонка по фигуре в шоуруме</div><div>Бесплатное изготовление в других цветах на заказ&nbsp;</div><div>Возможно изготовление по меркам на заказ</div>', 'a:1:{s:12:"Состав";s:13:"100% Шелк";}', '', '', '', 119, 0),
(121, 12, 'Платье из джерси, расшитое искуственным жемчугом', 'PF160219', '42,44,46,48', '14550.00', '<div>Бесплатная подгонка по фигуре в шоуруме</div><div>Бесплатное изготовление в других цветах на заказ&nbsp;</div><div>Возможно изготовление по меркам на заказ</div>', 'a:1:{s:12:"Состав";s:37:"95% Вискоза, 5% Эластан";}', '', '', '', 100, 0),
(122, 12, 'Платье из джерси с декоративным элементом из шелковой органзы', 'PF160216', '42,44,46,48', '14700.00', '<div>Бесплатная подгонка по фигуре в шоуруме</div><div>Бесплатное изготовление в других цветах на заказ&nbsp;</div><div>Возможно изготовление по меркам на заказ</div>', 'a:2:{s:25:"Состав платья";s:37:"95% Вискоза, 5% Эластан";s:56:"Состав декоративного элемента";s:13:"100% Шелк";}', '', '', '', 97, 0),
(123, 12, 'Платье из джерси, расклешенное в пол', 'PF160212', '42,44,46,48', '47750.00', '<div>Бесплатная подгонка по фигуре в шоуруме</div><div>Бесплатное изготовление в других цветах на заказ&nbsp;</div><div>Возможно изготовление по меркам на заказ</div>', 'a:1:{s:12:"Состав";s:35:"95% Шерсть, 5% Эластан";}', '', '', '', 94, 0),
(124, 12, 'Вечернее платье из джерси с вырезом на спине', 'PF160211', '42,44,46,48', '21750.00', '<div>Бесплатная подгонка по фигуре в шоуруме</div><div>Бесплатное изготовление в других цветах на заказ&nbsp;</div><div>Возможно изготовление по меркам на заказ</div>', 'a:1:{s:12:"Состав";s:37:"95% Вискоза, 5% Эластан";}', '', '', '', 93, 0),
(125, 12, 'Платье из джерси, расклешенное с пайетками', 'PF160209', '42,44,46,48', '14750.00', '<div>Бесплатная подгонка по фигуре в шоуруме</div><div>Бесплатное изготовление в других цветах на заказ&nbsp;</div><div>Возможно изготовление по меркам на заказ</div>', 'a:1:{s:12:"Состав";s:37:"95% Вискоза, 5% Эластан";}', '', '', '', 8, 1),
(126, 12, 'Платье расклешенное, расшитое квадратными бусинами', 'PF160207', '42,44,46,48', '15950.00', '<div>Бесплатная подгонка по фигуре в шоуруме</div><div>Бесплатное изготовление в других цветах на заказ&nbsp;</div><div>Возможно изготовление по меркам на заказ</div>', 'a:1:{s:12:"Состав";s:37:"95% Вискоза, 5% Эластан";}', '', '', '', 6, 0),
(127, 12, 'Платье из джерси с квадратным вырезом', 'PF160202', '42,44,46,48', '21750.00', '<div>Бесплатная подгонка по фигуре в шоуруме</div><div>Бесплатное изготовление в других цветах на заказ&nbsp;</div><div>Возможно изготовление по меркам на заказ</div>', 'a:1:{s:12:"Состав";s:37:"95% Вискоза, 5% Эластан";}', '', '', '', 2, 1),
(128, 12, 'Платье из джерси, расшитое искуственным жемчугом', 'PF160201', '42,44,46,48', '14950.00', '<div><span style="line-height: 1.42857;">Бесплатная подгонка по фигуре в шоуруме</span><br></div><div>Бесплатное изготовление в других цветах на заказ&nbsp;</div><div>Возможно изготовление по меркам на заказ</div>', 'a:1:{s:12:"Состав";s:37:"95% Вискоза, 5% Эластан";}', '', '', '', 1, 0),
(129, 12, 'Вечернее платье из джерси', '0215', '42,44,46,48', '21750.00', 'Возможно изготовление в других цветах и размерах на заказ.', 'a:1:{s:12:"Состав";s:37:"95% Вискоза, 5% Эластан";}', '', '', 'Вечернее платье из джерси; вечернее платье', 16, 0),
(130, 12, 'Вечернее платье с открытыми плечами и внутренним корсетом', '02135', '42,44,46,48', '57700.00', '<p>Возможно изготовление в других размерах и цветах на заказ.</p><p>Возможно изготовление из другой ткани на заказ.</p>', 'a:1:{s:12:"Состав";s:42:"95% Полиэстер, 5% Эластан.";}', '', '', 'Вечернее платье', 18, 0),
(131, 11, 'Платье из шерсти двубортное, с застежкой на пуговицах', '02137', '42,44,46,48', '16750.00', 'Возможно изготовление в других цветах и размерах на заказ.', 'a:1:{s:12:"Состав";s:35:"95% Шерсть, 5% Эластан";}', '', '', '', 15, 0),
(132, 11, 'Платье из шерсти, расшитое жемчугом сваровски', '02118', '42,44,46,48', '16900.00', 'Возможно изготовление в других цветах.', 'a:1:{s:12:"Состав";s:35:"95% Шерсть, 5% Эластан";}', '', '', '', 19, 0),
(133, 11, 'Платье из кружева с подкладом из шерсти', '02147', '42,44,46,48', '21900.00', 'Возможно изготовление по вашим меркам.', 'a:1:{s:0:"";s:0:"";}', '', '', 'Вечернее платье', 22, 0),
(134, 11, 'Платье из джерси, расклешенное, двухцветное', '02116', '42,44,46,48', '12450.00', 'Возможно изготовление в других цветах на заказ', 'a:1:{s:12:"Состав";s:37:"95% Вискоза, 5% Эластан";}', '', '', '', 23, 0),
(135, 11, 'Платье расклешенное с декоративным элементом из шелковой органзы', '02166', '42,44,46,48', '18500.00', '<div>Возможно изготовление по вашим меркам.</div><div>Возможно изготовление в других цветах на заказ.</div>', 'a:1:{s:12:"Состав";s:35:"95% Шерсть, 5% Эластан";}', '', '', '', 24, 0),
(136, 11, 'Платье из джерси, с открытыми плечами', '02128', '42,44,46,48', '9600.00', 'Возможно изготовление в других цветах на заказ', 'a:1:{s:12:"Состав";s:37:"95% Вискоза, 5% Эластан";}', '', '', '', 25, 0),
(137, 11, 'Платье-футляр из джерси', '0261', '42,44,46,48', '9950.00', 'Возможно изготовление в других цветах на заказ.', 'a:1:{s:12:"Состав";s:37:"95% Вискоза, 5% Эластан";}', '', '', '', 26, 0),
(138, 11, 'Платье из шерстяного джерси с ассиметричным воротником', '02122', '42,44,46,48', '11750.00', 'Возможно изготовление в других цветах на заказ.', 'a:1:{s:12:"Состав";s:35:"95% Шерсть, 5% Эластан";}', '', '', '', 27, 0),
(139, 11, 'Платье из мягкого вязаного трикотажа с драпировкой на лифе', '02151', '42,44,46,48', '9950.00', 'Возможно изготовление в других цветах на заказ.', 'a:1:{s:12:"Состав";s:37:"95% Вискоза, 5% Эластан";}', '', '', '', 28, 0),
(140, 11, 'Платье из джерси. Линия basic.', '02121', '42,44,46,48', '9900.00', 'Возможно изготовление в других цветах на заказ.', 'a:1:{s:12:"Состав";s:37:"95% Вискоза, 5% Эластан";}', '', '', '', 29, 0),
(141, 11, 'Платье на запахе из джерси', '02130', '42,44,46,48', '11400.00', 'Возможно изготовление в других цветах на заказ.', 'a:1:{s:12:"Состав";s:37:"95% Вискоза, 5% Эластан";}', '', '', '', 30, 0),
(142, 11, 'Платье-рубашка', '02125', '42,44,46,48', '21750.00', 'Возможно изготовление в других цветах на заказ.', 'a:1:{s:12:"Состав";s:35:"95% Шерсть, 5% Эластан";}', '', '', '', 31, 0),
(143, 11, 'Платье из джерси с контрастными манжетами и воротником', '02123', '42,44,46,48', '9650.00', 'Возможно изготовление в других цветах на заказ.', 'a:1:{s:12:"Состав";s:37:"95% Вискоза, 5% Эластан";}', '', '', '', 33, 0),
(144, 11, 'Платье из джерси расклешенное с контрастным лифом.', '02124', '42,44,46,48', '9800.00', 'Возможно изготовление в других цветах и размерах на заказ.', 'a:1:{s:12:"Состав";s:37:"95% Вискоза, 5% Эластан";}', '', '', '', 34, 0),
(145, 11, 'Платье из джерси двухцветное', '02129', '42,44,46,48', '9950.00', 'Возможно изготовление в других цветах и размерах на заказ.', 'a:1:{s:12:"Состав";s:37:"95% Вискоза, 5% Эластан";}', '', '', '', 35, 0),
(146, 11, 'Платье из джерси расшитое хрустальным жемчугом Swarovski', '02115', '42,44,46,48', '14700.00', 'Возможно изготовление в других цветах и размерах на заказ.', 'a:1:{s:12:"Состав";s:37:"95% Вискоза, 5% Эластан";}', '', '', '', 36, 0),
(147, 11, 'Платье из джерси с ассиметричным воротником, вышитым искусственным жемчугом', '02138', '42,44,46,48', '10500.00', 'Возможно изготовление в других цветах и размерах на заказ.', 'a:1:{s:12:"Состав";s:37:"95% Вискоза, 5% Эластан";}', '', '', '', 37, 0),
(148, 11, 'Платье из шерсти с декоративным бантом', '02139', '42,44,46,48', '19550.00', 'Возможно изготовление в других цветах и размерах на заказ.', 'a:1:{s:12:"Состав";s:17:"100% Шерсть";}', '', '', '', 39, 0),
(149, 11, 'Платье из джерси с ассиметричным воротником', '02119', '42,44,46,48', '9950.00', 'Возможно изготовление в других цветах и размерах на заказ.', 'a:1:{s:12:"Состав";s:37:"95% Вискоза, 5% Эластан";}', '', '', '', 40, 0),
(150, 11, 'Платье из джерси с открытыми плечами', '02127', '42,44,46,48', '9950.00', 'Возможно изготовление в других цветах и размерах на заказ.', 'a:1:{s:12:"Состав";s:37:"95% Вискоза, 5% Эластан";}', '', '', '', 41, 0),
(151, 11, 'Платье-футляр из джерси с геометричным вырезом', '02117', '42,44,46,48', '9950.00', 'Возможно изготовление в других цветах и размерах на заказ.', 'a:1:{s:12:"Состав";s:37:"95% Вискоза, 5% Эластан";}', '', '', '', 42, 0),
(152, 11, 'Платье из джерси, расшитое жемчугом Swarovski', '02146', '42,44,46,48', '14700.00', '<p>Возможно изготовление по вашим меркам.</p><p>Возможно изготовление в других цветах на заказ.</p>', 'a:1:{s:12:"Состав";s:37:"95% Вискоза, 5% Эластан";}', '', '', '', 43, 0),
(153, 11, 'Платье-рубашка из шерсти, расклешенное', '02149', '42,44,46,48', '15900.00', '<div>Возможно изготовление по вашим меркам.</div><div><br></div><div>Возможно изготовление в других цветах на заказ.</div>', 'a:1:{s:12:"Состав";s:35:"95% Шерсть, 5% Эластан";}', '', '', '', 44, 0),
(154, 11, 'Платье из джерси. Линия basic.', '02168', '42,44,46,48', '9500.00', '<div>Возможно изготовление по вашим меркам.</div><div>Возможно изготовление в других цветах на заказ.</div>', 'a:1:{s:12:"Состав";s:37:"95% Вискоза, 5% Эластан";}', '', '', '', 46, 0),
(155, 11, 'Платье из джерси', '02167', '42,44,46,48', '14900.00', '<div>Возможно изготовление по вашим меркам.</div><div>Возможно изготовление в других цветах на заказ.</div>', 'a:1:{s:12:"Состав";s:17:"100% Шерсть";}', '', '', '', 47, 0),
(158, 3, 'Юбка из шерсти, расшитая жемчугом Swarovski', '0620', '42,44,46,48', '17750.00', '<div style="margin: 0px; padding: 0px; border: 0px; font-stretch: inherit; font-size: 16px; line-height: 16px; font-family: FuturaNew-Book, sans-serif; vertical-align: baseline; color: rgb(0, 0, 0);"><span style="margin: 0px; padding: 0px; border: 0px; font-style: inherit; font-variant: inherit; font-weight: inherit; font-stretch: inherit; font-size: inherit; line-height: 1.42857; font-family: inherit; vertical-align: baseline;">Бесплатная подгонка по фигуре в шоуруме</span><br></div><div style="margin: 0px; padding: 0px; border: 0px; font-stretch: inherit; font-size: 16px; line-height: 16px; font-family: FuturaNew-Book, sans-serif; vertical-align: baseline; color: rgb(0, 0, 0);">Возможно изготовление по меркам на заказ</div><div style="margin: 0px; padding: 0px; border: 0px; font-stretch: inherit; font-size: 16px; line-height: 16px; font-family: FuturaNew-Book, sans-serif; vertical-align: baseline; color: rgb(0, 0, 0);"><br></div><div style="margin: 0px; padding: 0px; border: 0px; font-stretch: inherit; font-size: 16px; line-height: 16px; font-family: FuturaNew-Book, sans-serif; vertical-align: baseline; color: rgb(0, 0, 0);">Другие товары на этой странице:&nbsp;<a href="http://glzn.ru/catalog/product/14" target="_blank" style="text-decoration: underline; background-color: rgb(255, 255, 255); font-weight: bold;">Топ из джерси с открытыми плечами</a><br></div>', 'a:1:{s:12:"Состав";s:35:"95% Шерсть, 5% Эластан";}', '', '', '', 1, 0),
(156, 12, 'Вечернее платье с открытыми плечами', '02116', '42,44,46,48', '21750.00', '<div style="margin: 0px; padding: 0px; border: 0px; font-stretch: inherit; font-size: 16px; line-height: 16px; font-family: FuturaNew-Book, sans-serif; vertical-align: baseline; color: rgb(0, 0, 0);">Бесплатная подгонка по фигуре в шоуруме</div><div style="margin: 0px; padding: 0px; border: 0px; font-stretch: inherit; font-size: 16px; line-height: 16px; font-family: FuturaNew-Book, sans-serif; vertical-align: baseline; color: rgb(0, 0, 0);">Бесплатное изготовление в других цветах на заказ&nbsp;</div><div style="margin: 0px; padding: 0px; border: 0px; font-stretch: inherit; font-size: 16px; line-height: 16px; font-family: FuturaNew-Book, sans-serif; vertical-align: baseline; color: rgb(0, 0, 0);">Возможно изготовление по меркам на заказ</div>', 'a:1:{s:12:"Состав";s:37:"95% Вискоза, 5% Эластан";}', '', '', '', 156, 1),
(157, 3, 'Вечернее платье с открытыми плечами', '02116', '42,44,46,48', '21750.00', '<div style="margin: 0px; padding: 0px; border: 0px; font-stretch: inherit; font-size: 16px; line-height: 16px; font-family: FuturaNew-Book, sans-serif; vertical-align: baseline; color: rgb(0, 0, 0);">Бесплатная подгонка по фигуре в шоуруме</div><div style="margin: 0px; padding: 0px; border: 0px; font-stretch: inherit; font-size: 16px; line-height: 16px; font-family: FuturaNew-Book, sans-serif; vertical-align: baseline; color: rgb(0, 0, 0);">Бесплатное изготовление в других цветах на заказ&nbsp;</div><div style="margin: 0px; padding: 0px; border: 0px; font-stretch: inherit; font-size: 16px; line-height: 16px; font-family: FuturaNew-Book, sans-serif; vertical-align: baseline; color: rgb(0, 0, 0);">Возможно изготовление по меркам на заказ</div>', 'a:1:{s:12:"Состав";s:37:"95% Вискоза, 5% Эластан";}', '', '', '', 63, 0);

-- --------------------------------------------------------

--
-- Структура таблицы `price_photo`
--
-- Создание: Ноя 18 2015 г., 09:32
-- Последнее обновление: Янв 09 2016 г., 15:14
--

DROP TABLE IF EXISTS `price_photo`;
CREATE TABLE IF NOT EXISTS `price_photo` (
  `id` int(11) NOT NULL,
  `price_id` int(11) NOT NULL,
  `color` int(11) NOT NULL,
  `src` varchar(200) NOT NULL
) ENGINE=MyISAM AUTO_INCREMENT=385 DEFAULT CHARSET=utf8;

--
-- Дамп данных таблицы `price_photo`
--

INSERT INTO `price_photo` (`id`, `price_id`, `color`, `src`) VALUES
(61, 7, 6, 'photo/564c5c63b86c4.jpeg'),
(11, 13, 6, 'photo/564c47797963c.jpeg'),
(13, 5, 6, 'photo/564c486ca0a0f.jpeg'),
(14, 5, 14, 'photo/564c486ca0fd1.jpeg'),
(15, 6, 6, 'photo/564c48844a4b4.jpeg'),
(60, 7, 6, 'photo/564c5c63b7ee4.jpeg'),
(59, 7, 14, 'photo/564c5c63b779e.jpeg'),
(91, 14, 5, 'photo/564c72d5d5f0c.jpeg'),
(90, 14, 6, 'photo/564c72d5d5736.jpeg'),
(80, 9, 1, 'photo/564c6c91b1a6d.jpeg'),
(83, 15, 6, 'photo/564c70ce89b73.jpeg'),
(84, 15, 5, 'photo/564c70ce8a341.jpeg'),
(85, 16, 6, 'photo/564c71ea1cafb.jpeg'),
(86, 16, 5, 'photo/564c71ea1d0c0.jpeg'),
(89, 17, 0, 'photo/564c72c4bac15.jpeg'),
(299, 18, 12, 'photo/5678baffb4415.jpeg'),
(93, 19, 0, 'photo/564c7434675cb.jpeg'),
(301, 20, 12, 'photo/5678bb301e476.jpeg'),
(303, 21, 5, 'photo/5678bb498227a.jpeg'),
(305, 22, 12, 'photo/5678bb540b719.jpeg'),
(304, 22, 2, 'photo/5678bb540af44.jpeg'),
(384, 23, 10, 'photo/569123b98525f.jpeg'),
(99, 24, 5, 'photo/564c7861db9db.jpeg'),
(306, 25, 12, 'photo/5678bb5c84800.jpeg'),
(307, 26, 12, 'photo/5678bb64df12f.jpeg'),
(310, 28, 0, 'photo/5678bb8166180.jpeg'),
(324, 29, 12, 'photo/5678bc2a1c72f.jpeg'),
(105, 30, 0, 'photo/564c7c162dea0.jpeg'),
(323, 31, 13, 'photo/5678bc217c203.jpeg'),
(322, 32, 5, 'photo/5678bc14eee4f.jpeg'),
(321, 33, 1, 'photo/5678bc0c53011.jpeg'),
(320, 34, 5, 'photo/5678bc023ed2f.jpeg'),
(319, 35, 5, 'photo/5678bbf892f13.jpeg'),
(111, 36, 0, 'photo/564c86474e755.jpeg'),
(318, 37, 13, 'photo/5678bbec99839.jpeg'),
(113, 38, 0, 'photo/564c871ed7521.jpeg'),
(114, 39, 13, 'photo/564c87b2272e8.jpeg'),
(298, 40, 2, 'photo/5678baf38f7c9.jpeg'),
(145, 11, 2, 'photo/565a2df6db830.jpeg'),
(117, 41, 0, 'photo/564c89e6f137d.jpeg'),
(317, 42, 0, 'photo/5678bbe075802.jpeg'),
(316, 43, 5, 'photo/5678bbcc77fe7.jpeg'),
(315, 44, 5, 'photo/5678bbc0386c2.jpeg'),
(296, 45, 1, 'photo/5678baa3d19d5.jpeg'),
(297, 47, 14, 'photo/5678baaf98930.jpeg'),
(295, 46, 5, 'photo/5678ba9882d3c.jpeg'),
(126, 48, 5, 'photo/564da05ad061c.jpeg'),
(127, 49, 0, 'photo/564da458215af.jpeg'),
(314, 50, 5, 'photo/5678bbae48888.jpeg'),
(300, 51, 0, 'photo/5678bb147daea.jpeg'),
(309, 27, 5, 'photo/5678bb6e4f426.jpeg'),
(308, 27, 9, 'photo/5678bb6e4ec59.jpeg'),
(313, 52, 8, 'photo/5678bba34e526.jpeg'),
(133, 53, 12, 'photo/564dabbe8ea4d.jpeg'),
(134, 54, 0, 'photo/564db2b29493c.jpeg'),
(135, 55, 2, 'photo/564db4619b75a.jpeg'),
(136, 56, 12, 'photo/564dba6b4873c.jpeg'),
(312, 57, 0, 'photo/5678bb95382ca.jpeg'),
(311, 58, 0, 'photo/5678bb8a59a0a.jpeg'),
(302, 59, 5, 'photo/5678bb3d17338.jpeg'),
(146, 60, 0, 'photo/565a2ecd6b64f.jpeg'),
(148, 61, 12, 'photo/565a30e950b2c.jpeg'),
(149, 61, 9, 'photo/565a30e9512fc.jpeg'),
(197, 63, 2, 'photo/566d8080ea0b4.jpeg'),
(198, 62, 5, 'photo/566d8094aef02.jpeg'),
(182, 64, 10, 'photo/5667ad73958f5.jpeg'),
(153, 65, 10, 'photo/566798df49fe9.jpeg'),
(169, 66, 0, 'photo/5667aa55787f1.jpeg'),
(192, 67, 5, 'photo/566d7fee0af7c.jpeg'),
(193, 68, 5, 'photo/566d800e151f5.jpeg'),
(194, 69, 1, 'photo/566d8029b3c8b.jpeg'),
(195, 70, 12, 'photo/566d8057e7aa4.jpeg'),
(358, 73, 13, 'photo/5678c6004b530.jpeg'),
(160, 72, 5, 'photo/5667a6a8befc5.jpeg'),
(181, 71, 5, 'photo/5667ac21ce620.jpeg'),
(355, 74, 13, 'photo/5678c5d52e34b.jpeg'),
(186, 75, 5, 'photo/56683aeeee68b.jpeg'),
(187, 76, 0, 'photo/56683b9aefbdb.jpeg'),
(188, 77, 1, 'photo/56683c20a3cf4.jpeg'),
(189, 78, 0, 'photo/56683d97be83b.jpeg'),
(190, 79, 0, 'photo/56683df0b86ed.jpeg'),
(196, 80, 0, 'photo/566d806e6812d.jpeg'),
(204, 81, 0, 'photo/56730a2b400a1.jpeg'),
(205, 82, 3, 'photo/5677bd7a15cb2.jpeg'),
(206, 82, 3, 'photo/5677bd7a171f6.jpeg'),
(207, 82, 6, 'photo/5677bd7a1792c.jpeg'),
(208, 83, 12, 'photo/56789960b9ca6.jpeg'),
(209, 83, 12, 'photo/56789960bbfce.jpeg'),
(210, 83, 12, 'photo/56789960bc79e.jpeg'),
(217, 84, 12, 'photo/5678a36ee11c4.jpeg'),
(216, 84, 12, 'photo/5678a36ee09f5.jpeg'),
(215, 84, 12, 'photo/5678a36ee0225.jpeg'),
(224, 85, 5, 'photo/5678a4ced5c59.jpeg'),
(225, 86, 5, 'photo/5678a4d699d0a.jpeg'),
(226, 87, 10, 'photo/5678a4df36bfa.jpeg'),
(227, 88, 10, 'photo/5678a4e4f210b.jpeg'),
(228, 89, 9, 'photo/5678a4ec52a10.jpeg'),
(222, 90, 5, 'photo/5678a4c46941a.jpeg'),
(223, 90, 5, 'photo/5678a4c469bef.jpeg'),
(236, 91, 9, 'photo/5678a5dd2fb58.jpeg'),
(234, 92, 12, 'photo/5678a5c57a338.jpeg'),
(232, 93, 5, 'photo/5678a5b700af6.jpeg'),
(233, 93, 5, 'photo/5678a5b7012c6.jpeg'),
(235, 92, 12, 'photo/5678a5c57abc6.jpeg'),
(238, 94, 1, 'photo/5678a63478a10.jpeg'),
(239, 95, 1, 'photo/5678a662ed76c.jpeg'),
(240, 96, 5, 'photo/5678a6a78de76.jpeg'),
(241, 96, 5, 'photo/5678a6a78e646.jpeg'),
(242, 96, 5, 'photo/5678a6a78ee32.jpeg'),
(243, 97, 12, 'photo/5678a705d817b.jpeg'),
(244, 98, 5, 'photo/5678a7332512c.jpeg'),
(245, 99, 5, 'photo/5678a75b57fc2.jpeg'),
(247, 100, 5, 'photo/5678a79d6d9c4.jpeg'),
(248, 101, 12, 'photo/5678a86db7c65.jpeg'),
(249, 101, 12, 'photo/5678a86db8434.jpeg'),
(250, 102, 2, 'photo/5678a89ee2e2d.jpeg'),
(253, 103, 5, 'photo/5678a8d79cfb7.jpeg'),
(254, 103, 5, 'photo/5678a8d79d785.jpeg'),
(257, 104, 5, 'photo/5678a931a98d6.jpeg'),
(258, 104, 5, 'photo/5678a931aa0a0.jpeg'),
(260, 105, 2, 'photo/5678a9833e420.jpeg'),
(261, 106, 5, 'photo/5678b06699fd2.jpeg'),
(262, 107, 13, 'photo/5678b09b41b1e.jpeg'),
(264, 108, 5, 'photo/5678b0e23437f.jpeg'),
(265, 109, 13, 'photo/5678b19c56f51.jpeg'),
(266, 109, 13, 'photo/5678b19c578d4.jpeg'),
(267, 109, 13, 'photo/5678b19c57f7f.jpeg'),
(268, 110, 5, 'photo/5678b1d57e458.jpeg'),
(277, 111, 2, 'photo/5678b3c5f3c9d.jpeg'),
(270, 112, 13, 'photo/5678b29c1766c.jpeg'),
(271, 113, 5, 'photo/5678b2cc597ef.jpeg'),
(272, 114, 5, 'photo/5678b32e9a81f.jpeg'),
(273, 115, 13, 'photo/5678b37ad5383.jpeg'),
(274, 115, 13, 'photo/5678b37ad5b51.jpeg'),
(275, 115, 13, 'photo/5678b37ad6323.jpeg'),
(276, 116, 0, 'photo/5678b3b7d9f2f.jpeg'),
(278, 117, 5, 'photo/5678b5b270019.jpeg'),
(279, 117, 5, 'photo/5678b5b2707e9.jpeg'),
(280, 118, 2, 'photo/5678b5e671582.jpeg'),
(281, 119, 12, 'photo/5678b6491eb46.jpeg'),
(282, 119, 12, 'photo/5678b6491f313.jpeg'),
(283, 128, 5, 'photo/5678b9a81f092.jpeg'),
(284, 127, 5, 'photo/5678b9bc6a070.jpeg'),
(285, 126, 5, 'photo/5678b9d2d6f19.jpeg'),
(286, 126, 5, 'photo/5678b9d2d7ad1.jpeg'),
(287, 125, 12, 'photo/5678b9fc8c6e6.jpeg'),
(288, 125, 12, 'photo/5678b9fc8ceb6.jpeg'),
(289, 124, 5, 'photo/5678ba151ffdf.jpeg'),
(290, 124, 5, 'photo/5678ba15207ad.jpeg'),
(291, 123, 1, 'photo/5678ba4584bd7.jpeg'),
(292, 122, 12, 'photo/5678ba56672bd.jpeg'),
(293, 121, 5, 'photo/5678ba67bb0f1.jpeg'),
(325, 129, 1, 'photo/5678bd020e67c.jpeg'),
(326, 130, 5, 'photo/5678bd443ba05.jpeg'),
(327, 131, 2, 'photo/5678bf6161594.jpeg'),
(328, 132, 12, 'photo/5678bf8978e46.jpeg'),
(329, 155, 2, 'photo/5678bfb06b35b.jpeg'),
(330, 154, 0, 'photo/5678bfd09f370.jpeg'),
(331, 153, 8, 'photo/5678bff4b93b9.jpeg'),
(332, 152, 5, 'photo/5678c023407a0.jpeg'),
(333, 151, 5, 'photo/5678c044bb073.jpeg'),
(334, 150, 5, 'photo/5678c06c8c9a8.jpeg'),
(335, 149, 0, 'photo/5678c09596ee6.jpeg'),
(336, 148, 13, 'photo/5678c0b89c963.jpeg'),
(337, 147, 5, 'photo/5678c1e20de81.jpeg'),
(338, 146, 5, 'photo/5678c284c066b.jpeg'),
(339, 145, 1, 'photo/5678c2f853bbf.jpeg'),
(340, 144, 5, 'photo/5678c32e30ba2.jpeg'),
(341, 143, 13, 'photo/5678c3493b437.jpeg'),
(342, 142, 12, 'photo/5678c402dd6ed.jpeg'),
(343, 141, 10, 'photo/5678c412b5d70.jpeg'),
(344, 140, 5, 'photo/5678c435378c4.jpeg'),
(345, 140, 9, 'photo/5678c43538093.jpeg'),
(346, 139, 12, 'photo/5678c4449248d.jpeg'),
(347, 138, 12, 'photo/5678c45277344.jpeg'),
(348, 137, 2, 'photo/5678c4b3c6503.jpeg'),
(349, 137, 12, 'photo/5678c4b3c6cd4.jpeg'),
(350, 136, 5, 'photo/5678c4d93ca39.jpeg'),
(351, 135, 5, 'photo/5678c4e98dd09.jpeg'),
(353, 134, 12, 'photo/5678c51476833.jpeg'),
(354, 133, 5, 'photo/5678c521ac325.jpeg'),
(356, 74, 13, 'photo/5678c5d52e99f.jpeg'),
(357, 74, 13, 'photo/5678c5d52f201.jpeg'),
(359, 73, 13, 'photo/5678c6004bd00.jpeg'),
(360, 73, 13, 'photo/5678c6004c4cd.jpeg'),
(364, 156, 5, 'photo/568f43d0d8867.jpeg'),
(366, 157, 5, 'photo/568f43d92f8a1.jpeg'),
(382, 158, 10, 'photo/569123abe6629.jpeg'),
(381, 158, 5, 'photo/569123abe5e5c.jpeg'),
(383, 23, 5, 'photo/569123b984a8a.jpeg');

-- --------------------------------------------------------

--
-- Структура таблицы `provider`
--
-- Создание: Ноя 16 2015 г., 13:49
-- Последнее обновление: Ноя 16 2015 г., 13:49
--

DROP TABLE IF EXISTS `provider`;
CREATE TABLE IF NOT EXISTS `provider` (
  `id` int(11) NOT NULL,
  `name` varchar(255) NOT NULL,
  `name_klient` varchar(100) NOT NULL,
  `delivery` varchar(10) NOT NULL,
  `margin` decimal(10,2) NOT NULL,
  `kurs` int(11) NOT NULL
) ENGINE=MyISAM DEFAULT CHARSET=utf8;

-- --------------------------------------------------------

--
-- Структура таблицы `provider_price`
--
-- Создание: Ноя 16 2015 г., 13:49
-- Последнее обновление: Ноя 16 2015 г., 13:49
--

DROP TABLE IF EXISTS `provider_price`;
CREATE TABLE IF NOT EXISTS `provider_price` (
  `id` int(11) NOT NULL,
  `sklad` int(11) NOT NULL,
  `brand` varchar(200) NOT NULL,
  `nomer` varchar(200) NOT NULL,
  `name` varchar(500) NOT NULL,
  `price` decimal(10,2) NOT NULL,
  `kol` varchar(10) NOT NULL
) ENGINE=MyISAM DEFAULT CHARSET=utf8;

-- --------------------------------------------------------

--
-- Структура таблицы `provider_status`
--
-- Создание: Ноя 16 2015 г., 13:49
-- Последнее обновление: Ноя 16 2015 г., 13:49
--

DROP TABLE IF EXISTS `provider_status`;
CREATE TABLE IF NOT EXISTS `provider_status` (
  `id` int(11) NOT NULL,
  `name` varchar(255) NOT NULL,
  `color` varchar(100) NOT NULL
) ENGINE=MyISAM AUTO_INCREMENT=7 DEFAULT CHARSET=utf8;

--
-- Дамп данных таблицы `provider_status`
--

INSERT INTO `provider_status` (`id`, `name`, `color`) VALUES
(2, 'не оплачено', 'warning'),
(6, 'оплачено', 'success');

-- --------------------------------------------------------

--
-- Структура таблицы `section`
--
-- Создание: Ноя 16 2015 г., 13:49
-- Последнее обновление: Ноя 16 2015 г., 13:49
--

DROP TABLE IF EXISTS `section`;
CREATE TABLE IF NOT EXISTS `section` (
  `id` int(11) NOT NULL,
  `parent` int(11) NOT NULL,
  `nn` int(11) NOT NULL,
  `name_en` varchar(255) NOT NULL,
  `name_ru` varchar(255) NOT NULL
) ENGINE=MyISAM AUTO_INCREMENT=7 DEFAULT CHARSET=utf8;

--
-- Дамп данных таблицы `section`
--

INSERT INTO `section` (`id`, `parent`, `nn`, `name_en`, `name_ru`) VALUES
(2, 0, 2, 'certificate', 'Сертификаты'),
(3, 0, 3, 'devilry', 'Оплата и доставка'),
(4, 0, 4, 'contact', 'Контакты'),
(5, 0, 1, 'home', 'Главная'),
(6, 0, 6, 'cart', 'Корзина');

-- --------------------------------------------------------

--
-- Структура таблицы `settings`
--
-- Создание: Ноя 16 2015 г., 13:49
-- Последнее обновление: Ноя 16 2015 г., 13:49
--

DROP TABLE IF EXISTS `settings`;
CREATE TABLE IF NOT EXISTS `settings` (
  `id` int(11) NOT NULL,
  `company` varchar(255) NOT NULL,
  `site` varchar(200) NOT NULL,
  `phone` varchar(20) NOT NULL,
  `address` varchar(255) NOT NULL,
  `email_osnovnoy` varchar(100) NOT NULL,
  `email_rasslka` varchar(100) NOT NULL,
  `soc_vk` varchar(200) NOT NULL,
  `soc_fb` varchar(200) NOT NULL,
  `soc_tw` varchar(200) NOT NULL,
  `soc_im` varchar(200) NOT NULL,
  `maps` varchar(500) NOT NULL,
  `eur` decimal(10,2) NOT NULL,
  `percent` decimal(10,2) NOT NULL
) ENGINE=MyISAM AUTO_INCREMENT=2 DEFAULT CHARSET=utf8;

--
-- Дамп данных таблицы `settings`
--

INSERT INTO `settings` (`id`, `company`, `site`, `phone`, `address`, `email_osnovnoy`, `email_rasslka`, `soc_vk`, `soc_fb`, `soc_tw`, `soc_im`, `maps`, `eur`, `percent`) VALUES
(1, 'Автозип', 'Autozipp.ru', '+7(495) 979-69-36', 'г.Москва. Первый киллометр по Киевскому шоссе. Рынок ТК «Автомастер». Павилион Г20', 'info@autozipp.ru', 'autozipp@mail.ru', '#', '#', '#', '#', '<script type="text/javascript" charset="utf-8" src="https://api-maps.yandex.ru/services/constructor/1.0/js/?sid=_yvfBXGhr0X_kyiTtLVmBcke3kRLfAYi&width=100%&height=400&lang=ru_RU&sourceType=constructor"></script>', '72.00', '1.30');

-- --------------------------------------------------------

--
-- Структура таблицы `settings_size`
--
-- Создание: Ноя 16 2015 г., 13:49
-- Последнее обновление: Ноя 20 2015 г., 14:39
--

DROP TABLE IF EXISTS `settings_size`;
CREATE TABLE IF NOT EXISTS `settings_size` (
  `id` int(11) NOT NULL,
  `table` varchar(255) NOT NULL,
  `name` varchar(255) NOT NULL,
  `s1` varchar(7) NOT NULL,
  `s2` varchar(7) NOT NULL,
  `s3` varchar(7) NOT NULL,
  `s4` varchar(7) NOT NULL,
  `s5` varchar(7) NOT NULL
) ENGINE=MyISAM AUTO_INCREMENT=7 DEFAULT CHARSET=utf8;

--
-- Дамп данных таблицы `settings_size`
--

INSERT INTO `settings_size` (`id`, `table`, `name`, `s1`, `s2`, `s3`, `s4`, `s5`) VALUES
(1, 'Для изделий из трикотажа (джерси)', 'Обхват груди', '84-88', '89-93', '94-97', '98-103', '104-106'),
(2, 'Для изделий из трикотажа (джерси)', 'Обхват талии', '58-61', '62-65', '66-72', '73-76', '77-81'),
(3, 'Для изделий из трикотажа (джерси)', 'Обхват бедер', '86-90', '91-95', '96-101', '102-106', '107-110'),
(4, 'Для остальных изделий', 'Обхват груди', '84-87', '88-92', '93-96', '97-99', '100-103'),
(5, 'Для остальных изделий', 'Обхват талии', '56-60', '61-64', '65-70', '71-75', '76-82'),
(6, 'Для остальных изделий', 'Обхват бедер', '84-89', '90-93', '94-97', '98-102', '103-106');

-- --------------------------------------------------------

--
-- Структура таблицы `users`
--
-- Создание: Ноя 16 2015 г., 13:49
-- Последнее обновление: Ноя 16 2015 г., 13:49
--

DROP TABLE IF EXISTS `users`;
CREATE TABLE IF NOT EXISTS `users` (
  `id` mediumint(9) NOT NULL,
  `username` varchar(255) NOT NULL,
  `password` varchar(255) NOT NULL,
  `salt` varchar(100) NOT NULL
) ENGINE=MyISAM AUTO_INCREMENT=2 DEFAULT CHARSET=utf8;

--
-- Дамп данных таблицы `users`
--

INSERT INTO `users` (`id`, `username`, `password`, `salt`) VALUES
(1, 'admin', '262bf10fb530b2e6188583609a7d7811', '559ecd5c696cb');

-- --------------------------------------------------------

--
-- Структура таблицы `zakaz`
--
-- Создание: Ноя 16 2015 г., 13:49
-- Последнее обновление: Янв 12 2016 г., 14:24
--

DROP TABLE IF EXISTS `zakaz`;
CREATE TABLE IF NOT EXISTS `zakaz` (
  `id` int(11) NOT NULL,
  `nzakaz` int(11) NOT NULL,
  `price_id` int(11) NOT NULL,
  `size` varchar(100) NOT NULL,
  `color` int(11) NOT NULL,
  `kol` int(11) NOT NULL
) ENGINE=MyISAM AUTO_INCREMENT=249 DEFAULT CHARSET=utf8;

--
-- Дамп данных таблицы `zakaz`
--

INSERT INTO `zakaz` (`id`, `nzakaz`, `price_id`, `size`, `color`, `kol`) VALUES
(1, 1, 6, '42', 6, 1),
(2, 2, 5, '42', 6, 1),
(3, 2, 5, '42', 14, 1),
(4, 3, 5, '42', 6, 1),
(5, 4, 5, '42', 6, 1),
(6, 5, 5, '42', 6, 1),
(7, 6, 5, '42', 6, 1),
(8, 10, 6, '42', 6, 2),
(9, 12, 6, '42', 6, 2),
(10, 13, 5, '42', 6, 1),
(11, 14, 6, '42', 6, 1),
(12, 15, 5, '48', 6, 1),
(13, 16, 5, '42', 6, 1),
(14, 17, 5, '42', 6, 1),
(15, 18, 6, '48', 6, 1),
(16, 19, 9, '48', 0, 1),
(17, 19, 7, '42', 6, 1),
(18, 20, 9, '42', 1, 1),
(19, 21, 41, '42', 0, 1),
(20, 22, 9, '48', 1, 1),
(21, 23, 46, '42', 5, 1),
(22, 24, 46, '42', 5, 1),
(23, 25, 21, '42', 0, 1),
(24, 27, 18, '42', 12, 1),
(25, 28, 45, '42', 1, 1),
(26, 29, 45, '48', 1, 1),
(27, 30, 22, '42', 2, 1),
(28, 30, 25, '42', 12, 1),
(29, 30, 34, '42', 0, 1),
(30, 31, 17, '44', 0, 1),
(31, 31, 17, '42', 0, 1),
(32, 31, 27, '44', 9, 1),
(33, 31, 33, '42', 1, 1),
(34, 32, 29, '42', 12, 1),
(35, 33, 41, '42', 0, 1),
(36, 35, 34, '42', 0, 1),
(37, 36, 25, '46', 12, 1),
(38, 36, 28, '46', 0, 1),
(39, 36, 26, '46', 12, 1),
(40, 36, 27, '46', 5, 1),
(41, 37, 45, '42', 1, 1),
(42, 38, 21, '44', 0, 1),
(43, 38, 20, '46', 0, 2),
(44, 39, 25, '44', 12, 1),
(45, 39, 57, '44', 0, 1),
(46, 40, 50, '44', 5, 1),
(47, 41, 24, '42', 5, 1),
(48, 42, 45, '42', 1, 1),
(49, 43, 57, '42', 0, 1),
(50, 44, 43, '44', 0, 1),
(51, 45, 20, '46', 0, 1),
(52, 46, 28, '46', 0, 1),
(53, 47, 26, '46', 12, 1),
(54, 47, 25, '46', 12, 1),
(55, 47, 27, '46', 9, 1),
(56, 48, 45, '44', 1, 1),
(57, 48, 50, '42', 5, 1),
(58, 49, 22, '46', 2, 1),
(59, 49, 27, '46', 9, 1),
(60, 49, 34, '46', 0, 1),
(61, 50, 26, '42', 12, 1),
(62, 51, 22, '46', 2, 1),
(63, 52, 50, '42', 5, 1),
(64, 53, 45, '46', 1, 1),
(65, 54, 21, '42', 0, 1),
(66, 54, 57, '42', 0, 1),
(67, 55, 18, '42', 12, 1),
(68, 55, 35, '42', 5, 1),
(69, 55, 50, '42', 5, 1),
(70, 55, 57, '42', 0, 1),
(71, 55, 20, '42', 0, 1),
(72, 55, 21, '42', 0, 1),
(73, 55, 40, '42', 0, 1),
(74, 55, 41, '42', 0, 1),
(75, 56, 25, '44', 12, 1),
(76, 56, 26, '44', 12, 1),
(77, 57, 42, '44', 0, 1),
(78, 58, 50, '42', 5, 1),
(79, 59, 51, '42', 0, 1),
(80, 59, 51, '44', 0, 1),
(81, 60, 34, '44', 0, 1),
(82, 60, 25, '44', 12, 1),
(83, 60, 22, '44', 12, 1),
(84, 60, 27, '44', 9, 1),
(85, 61, 22, '44', 2, 1),
(86, 62, 25, '42', 12, 1),
(87, 63, 23, '46', 5, 1),
(88, 63, 50, '46', 5, 1),
(89, 63, 14, '46', 5, 1),
(90, 64, 45, '42', 1, 1),
(91, 65, 20, '42', 0, 1),
(92, 65, 43, '42', 0, 1),
(93, 65, 43, '44', 0, 1),
(94, 65, 26, '42', 12, 1),
(95, 66, 14, '42', 5, 1),
(96, 66, 41, '42', 0, 1),
(97, 67, 43, '42', 0, 1),
(98, 67, 44, '42', 0, 1),
(99, 68, 42, '42', 0, 1),
(100, 68, 22, '42', 2, 1),
(101, 69, 28, '42', 0, 1),
(102, 69, 25, '42', 12, 1),
(103, 69, 22, '42', 2, 1),
(104, 69, 26, '42', 12, 1),
(105, 70, 34, '42', 0, 1),
(106, 71, 21, '42', 0, 1),
(107, 72, 18, '42', 12, 1),
(108, 72, 21, '42', 0, 1),
(109, 73, 19, '46', 0, 1),
(110, 73, 58, '48', 0, 1),
(111, 73, 49, '46', 0, 1),
(112, 74, 14, '44', 5, 1),
(113, 74, 14, '46', 5, 1),
(114, 75, 34, '42', 0, 1),
(115, 76, 22, '46', 2, 1),
(116, 77, 43, '44', 0, 1),
(117, 77, 14, '42', 5, 1),
(118, 77, 25, '44', 12, 1),
(119, 78, 66, '48', 0, 1),
(120, 78, 76, '48', 0, 1),
(121, 78, 76, '48', 0, 1),
(122, 79, 58, '42', 0, 1),
(123, 79, 22, '42', 2, 1),
(124, 80, 35, '42', 5, 1),
(125, 81, 71, '42', 5, 1),
(126, 81, 72, '42', 5, 1),
(127, 81, 62, '42', 5, 1),
(128, 82, 27, '42', 5, 1),
(129, 83, 62, '44', 5, 1),
(130, 84, 24, '42', 5, 1),
(131, 84, 34, '42', 0, 1),
(132, 85, 77, '42', 1, 1),
(133, 85, 66, '42', 0, 1),
(134, 86, 27, '42', 9, 1),
(135, 86, 62, '42', 5, 1),
(136, 87, 44, '46', 0, 1),
(137, 88, 45, '44', 1, 1),
(138, 88, 62, '44', 5, 1),
(139, 88, 25, '44', 12, 1),
(140, 89, 62, '42', 5, 1),
(141, 90, 46, '46', 5, 1),
(142, 91, 21, '42', 0, 1),
(143, 92, 26, '42', 12, 1),
(144, 93, 76, '42', 0, 1),
(145, 93, 26, '44', 12, 1),
(146, 93, 34, '44', 0, 1),
(147, 93, 43, '44', 0, 1),
(148, 93, 57, '44', 0, 1),
(149, 93, 24, '44', 5, 1),
(150, 94, 52, '42', 8, 1),
(151, 95, 25, '44', 12, 1),
(152, 96, 68, '42', 5, 1),
(153, 96, 40, '42', 0, 1),
(154, 96, 21, '42', 0, 1),
(155, 96, 25, '42', 12, 1),
(156, 96, 36, '42', 0, 1),
(157, 96, 50, '42', 5, 1),
(158, 97, 25, '42', 12, 1),
(159, 98, 26, '46', 12, 1),
(160, 98, 25, '46', 12, 1),
(161, 99, 51, '46', 0, 1),
(162, 100, 25, '42', 12, 1),
(163, 100, 28, '42', 0, 1),
(164, 100, 40, '42', 0, 1),
(165, 100, 41, '42', 0, 1),
(166, 101, 42, '42', 0, 1),
(167, 102, 23, '42', 5, 1),
(168, 102, 14, '42', 5, 1),
(169, 103, 51, '42', 0, 1),
(170, 103, 22, '42', 2, 1),
(171, 103, 25, '42', 12, 1),
(172, 103, 34, '42', 0, 1),
(173, 103, 43, '42', 0, 1),
(174, 103, 44, '42', 0, 1),
(175, 104, 43, '48', 0, 1),
(176, 104, 27, '48', 5, 1),
(177, 104, 22, '48', 2, 1),
(178, 105, 18, '42', 0, 1),
(179, 105, 17, '42', 0, 1),
(180, 106, 58, '46', 0, 1),
(181, 106, 40, '46', 0, 1),
(182, 106, 36, '46', 0, 1),
(183, 106, 11, '46', 0, 1),
(184, 107, 22, '42', 2, 1),
(185, 107, 43, '42', 5, 1),
(186, 108, 116, '44', 0, 1),
(187, 108, 116, '42', 0, 1),
(188, 109, 105, '44', 0, 1),
(189, 109, 116, '42', 0, 1),
(190, 109, 105, '42', 0, 1),
(191, 110, 51, '46', 0, 1),
(192, 110, 44, '46', 0, 1),
(193, 110, 34, '46', 0, 1),
(194, 111, 86, '42', 0, 1),
(195, 111, 45, '42', 0, 1),
(196, 111, 118, '42', 0, 1),
(197, 112, 26, '42', 12, 1),
(198, 113, 136, '42', 0, 1),
(199, 114, 136, '42', 0, 1),
(200, 115, 45, '46', 0, 1),
(201, 116, 40, '42', 0, 1),
(202, 116, 26, '42', 0, 1),
(203, 116, 95, '42', 0, 1),
(204, 116, 105, '42', 0, 1),
(205, 116, 49, '42', 0, 1),
(206, 116, 24, '42', 0, 1),
(207, 117, 34, '44', 0, 1),
(208, 117, 26, '44', 12, 1),
(209, 118, 83, '44', 12, 1),
(210, 118, 138, '44', 0, 1),
(211, 119, 45, '42', 0, 1),
(212, 120, 73, '48', 13, 1),
(213, 121, 72, '44', 5, 1),
(214, 122, 11, '42', 2, 1),
(215, 123, 152, '44', 5, 1),
(216, 123, 138, '44', 12, 1),
(217, 124, 27, '42', 5, 1),
(218, 124, 114, '42', 5, 1),
(219, 125, 156, '42', 5, 1),
(220, 126, 58, '44', 0, 1),
(221, 127, 133, '42', 5, 1),
(222, 127, 133, '44', 5, 1),
(223, 127, 132, '42', 12, 1),
(224, 127, 152, '42', 5, 1),
(225, 127, 96, '42', 5, 1),
(226, 128, 137, '42', 2, 1),
(227, 128, 138, '42', 12, 1),
(228, 128, 139, '42', 12, 1),
(229, 128, 146, '42', 5, 1),
(230, 128, 151, '42', 5, 1),
(231, 128, 153, '42', 8, 1),
(232, 128, 134, '42', 12, 1),
(233, 129, 128, '42', 5, 1),
(234, 130, 137, '44', 2, 1),
(235, 131, 128, '42', 5, 1),
(236, 131, 83, '42', 12, 1),
(237, 132, 23, '42', 5, 1),
(238, 133, 85, '42', 5, 1),
(239, 134, 121, '42', 5, 1),
(240, 135, 22, '44', 2, 1),
(241, 136, 21, '42', 5, 1),
(242, 136, 21, '44', 5, 1),
(243, 136, 99, '42', 5, 1),
(244, 136, 99, '44', 5, 1),
(245, 137, 25, '42', 12, 1),
(246, 137, 22, '42', 2, 1),
(247, 137, 14, '42', 6, 1),
(248, 137, 74, '42', 13, 1);

--
-- Индексы сохранённых таблиц
--

--
-- Индексы таблицы `callback`
--
ALTER TABLE `callback`
  ADD PRIMARY KEY (`id`);

--
-- Индексы таблицы `cart`
--
ALTER TABLE `cart`
  ADD PRIMARY KEY (`id`);

--
-- Индексы таблицы `catalog`
--
ALTER TABLE `catalog`
  ADD PRIMARY KEY (`id`);

--
-- Индексы таблицы `clients`
--
ALTER TABLE `clients`
  ADD PRIMARY KEY (`id`);

--
-- Индексы таблицы `colors`
--
ALTER TABLE `colors`
  ADD PRIMARY KEY (`id`);

--
-- Индексы таблицы `count_zakaz`
--
ALTER TABLE `count_zakaz`
  ADD PRIMARY KEY (`id`);

--
-- Индексы таблицы `install`
--
ALTER TABLE `install`
  ADD PRIMARY KEY (`id`);

--
-- Индексы таблицы `it_payment_ym`
--
ALTER TABLE `it_payment_ym`
  ADD PRIMARY KEY (`id`);

--
-- Индексы таблицы `kurs`
--
ALTER TABLE `kurs`
  ADD PRIMARY KEY (`id`);

--
-- Индексы таблицы `news`
--
ALTER TABLE `news`
  ADD PRIMARY KEY (`id`);

--
-- Индексы таблицы `opt`
--
ALTER TABLE `opt`
  ADD PRIMARY KEY (`id`);

--
-- Индексы таблицы `pages`
--
ALTER TABLE `pages`
  ADD PRIMARY KEY (`id`);

--
-- Индексы таблицы `pages_client`
--
ALTER TABLE `pages_client`
  ADD PRIMARY KEY (`id`);

--
-- Индексы таблицы `pages_company`
--
ALTER TABLE `pages_company`
  ADD PRIMARY KEY (`id`);

--
-- Индексы таблицы `pages_contact`
--
ALTER TABLE `pages_contact`
  ADD PRIMARY KEY (`id`);

--
-- Индексы таблицы `pages_dostavka`
--
ALTER TABLE `pages_dostavka`
  ADD PRIMARY KEY (`id`);

--
-- Индексы таблицы `pages_philosophy`
--
ALTER TABLE `pages_philosophy`
  ADD PRIMARY KEY (`id`);

--
-- Индексы таблицы `pages_press`
--
ALTER TABLE `pages_press`
  ADD PRIMARY KEY (`id`);

--
-- Индексы таблицы `pages_production`
--
ALTER TABLE `pages_production`
  ADD PRIMARY KEY (`id`);

--
-- Индексы таблицы `pages_sewing`
--
ALTER TABLE `pages_sewing`
  ADD PRIMARY KEY (`id`);

--
-- Индексы таблицы `pages_show`
--
ALTER TABLE `pages_show`
  ADD PRIMARY KEY (`id`);

--
-- Индексы таблицы `price`
--
ALTER TABLE `price`
  ADD PRIMARY KEY (`id`);

--
-- Индексы таблицы `price_photo`
--
ALTER TABLE `price_photo`
  ADD PRIMARY KEY (`id`);

--
-- Индексы таблицы `provider`
--
ALTER TABLE `provider`
  ADD PRIMARY KEY (`id`);

--
-- Индексы таблицы `provider_price`
--
ALTER TABLE `provider_price`
  ADD PRIMARY KEY (`id`);

--
-- Индексы таблицы `provider_status`
--
ALTER TABLE `provider_status`
  ADD PRIMARY KEY (`id`);

--
-- Индексы таблицы `section`
--
ALTER TABLE `section`
  ADD PRIMARY KEY (`id`);

--
-- Индексы таблицы `settings`
--
ALTER TABLE `settings`
  ADD PRIMARY KEY (`id`);

--
-- Индексы таблицы `settings_size`
--
ALTER TABLE `settings_size`
  ADD PRIMARY KEY (`id`);

--
-- Индексы таблицы `users`
--
ALTER TABLE `users`
  ADD PRIMARY KEY (`id`), ADD UNIQUE KEY `username` (`username`);

--
-- Индексы таблицы `zakaz`
--
ALTER TABLE `zakaz`
  ADD PRIMARY KEY (`id`);

--
-- AUTO_INCREMENT для сохранённых таблиц
--

--
-- AUTO_INCREMENT для таблицы `callback`
--
ALTER TABLE `callback`
  MODIFY `id` int(11) NOT NULL AUTO_INCREMENT,AUTO_INCREMENT=360;
--
-- AUTO_INCREMENT для таблицы `cart`
--
ALTER TABLE `cart`
  MODIFY `id` int(11) NOT NULL AUTO_INCREMENT,AUTO_INCREMENT=915;
--
-- AUTO_INCREMENT для таблицы `catalog`
--
ALTER TABLE `catalog`
  MODIFY `id` int(11) NOT NULL AUTO_INCREMENT,AUTO_INCREMENT=18;
--
-- AUTO_INCREMENT для таблицы `clients`
--
ALTER TABLE `clients`
  MODIFY `id` int(11) NOT NULL AUTO_INCREMENT,AUTO_INCREMENT=2;
--
-- AUTO_INCREMENT для таблицы `colors`
--
ALTER TABLE `colors`
  MODIFY `id` int(11) NOT NULL AUTO_INCREMENT,AUTO_INCREMENT=16;
--
-- AUTO_INCREMENT для таблицы `count_zakaz`
--
ALTER TABLE `count_zakaz`
  MODIFY `id` int(11) NOT NULL AUTO_INCREMENT,AUTO_INCREMENT=138;
--
-- AUTO_INCREMENT для таблицы `install`
--
ALTER TABLE `install`
  MODIFY `id` int(11) NOT NULL AUTO_INCREMENT,AUTO_INCREMENT=2;
--
-- AUTO_INCREMENT для таблицы `it_payment_ym`
--
ALTER TABLE `it_payment_ym`
  MODIFY `id` int(11) NOT NULL AUTO_INCREMENT;
--
-- AUTO_INCREMENT для таблицы `kurs`
--
ALTER TABLE `kurs`
  MODIFY `id` int(11) NOT NULL AUTO_INCREMENT,AUTO_INCREMENT=4;
--
-- AUTO_INCREMENT для таблицы `news`
--
ALTER TABLE `news`
  MODIFY `id` int(11) NOT NULL AUTO_INCREMENT,AUTO_INCREMENT=3;
--
-- AUTO_INCREMENT для таблицы `opt`
--
ALTER TABLE `opt`
  MODIFY `id` int(11) NOT NULL AUTO_INCREMENT,AUTO_INCREMENT=6;
--
-- AUTO_INCREMENT для таблицы `pages`
--
ALTER TABLE `pages`
  MODIFY `id` int(11) NOT NULL AUTO_INCREMENT,AUTO_INCREMENT=7;
--
-- AUTO_INCREMENT для таблицы `pages_client`
--
ALTER TABLE `pages_client`
  MODIFY `id` int(11) NOT NULL AUTO_INCREMENT,AUTO_INCREMENT=15;
--
-- AUTO_INCREMENT для таблицы `pages_company`
--
ALTER TABLE `pages_company`
  MODIFY `id` int(11) NOT NULL AUTO_INCREMENT,AUTO_INCREMENT=2;
--
-- AUTO_INCREMENT для таблицы `pages_contact`
--
ALTER TABLE `pages_contact`
  MODIFY `id` int(11) NOT NULL AUTO_INCREMENT,AUTO_INCREMENT=2;
--
-- AUTO_INCREMENT для таблицы `pages_dostavka`
--
ALTER TABLE `pages_dostavka`
  MODIFY `id` int(11) NOT NULL AUTO_INCREMENT,AUTO_INCREMENT=2;
--
-- AUTO_INCREMENT для таблицы `pages_philosophy`
--
ALTER TABLE `pages_philosophy`
  MODIFY `id` int(11) NOT NULL AUTO_INCREMENT,AUTO_INCREMENT=2;
--
-- AUTO_INCREMENT для таблицы `pages_press`
--
ALTER TABLE `pages_press`
  MODIFY `id` int(11) NOT NULL AUTO_INCREMENT,AUTO_INCREMENT=7;
--
-- AUTO_INCREMENT для таблицы `pages_production`
--
ALTER TABLE `pages_production`
  MODIFY `id` int(11) NOT NULL AUTO_INCREMENT,AUTO_INCREMENT=5;
--
-- AUTO_INCREMENT для таблицы `pages_sewing`
--
ALTER TABLE `pages_sewing`
  MODIFY `id` int(11) NOT NULL AUTO_INCREMENT,AUTO_INCREMENT=2;
--
-- AUTO_INCREMENT для таблицы `pages_show`
--
ALTER TABLE `pages_show`
  MODIFY `id` int(11) NOT NULL AUTO_INCREMENT,AUTO_INCREMENT=2;
--
-- AUTO_INCREMENT для таблицы `price`
--
ALTER TABLE `price`
  MODIFY `id` int(11) NOT NULL AUTO_INCREMENT,AUTO_INCREMENT=159;
--
-- AUTO_INCREMENT для таблицы `price_photo`
--
ALTER TABLE `price_photo`
  MODIFY `id` int(11) NOT NULL AUTO_INCREMENT,AUTO_INCREMENT=385;
--
-- AUTO_INCREMENT для таблицы `provider`
--
ALTER TABLE `provider`
  MODIFY `id` int(11) NOT NULL AUTO_INCREMENT;
--
-- AUTO_INCREMENT для таблицы `provider_price`
--
ALTER TABLE `provider_price`
  MODIFY `id` int(11) NOT NULL AUTO_INCREMENT;
--
-- AUTO_INCREMENT для таблицы `provider_status`
--
ALTER TABLE `provider_status`
  MODIFY `id` int(11) NOT NULL AUTO_INCREMENT,AUTO_INCREMENT=7;
--
-- AUTO_INCREMENT для таблицы `section`
--
ALTER TABLE `section`
  MODIFY `id` int(11) NOT NULL AUTO_INCREMENT,AUTO_INCREMENT=7;
--
-- AUTO_INCREMENT для таблицы `settings`
--
ALTER TABLE `settings`
  MODIFY `id` int(11) NOT NULL AUTO_INCREMENT,AUTO_INCREMENT=2;
--
-- AUTO_INCREMENT для таблицы `settings_size`
--
ALTER TABLE `settings_size`
  MODIFY `id` int(11) NOT NULL AUTO_INCREMENT,AUTO_INCREMENT=7;
--
-- AUTO_INCREMENT для таблицы `users`
--
ALTER TABLE `users`
  MODIFY `id` mediumint(9) NOT NULL AUTO_INCREMENT,AUTO_INCREMENT=2;
--
-- AUTO_INCREMENT для таблицы `zakaz`
--
ALTER TABLE `zakaz`
  MODIFY `id` int(11) NOT NULL AUTO_INCREMENT,AUTO_INCREMENT=249;
/*!40101 SET CHARACTER_SET_CLIENT=@OLD_CHARACTER_SET_CLIENT */;
/*!40101 SET CHARACTER_SET_RESULTS=@OLD_CHARACTER_SET_RESULTS */;
/*!40101 SET COLLATION_CONNECTION=@OLD_COLLATION_CONNECTION */;
